method,scenario,n_completed,global_search_p__mean,global_search_p__std,global_search_p__median,global_search_p__q05,global_search_p__q95,critical_score__mean,critical_score__std,critical_score__median,critical_score__q05,critical_score__q95,n_true_breaks_all__mean,n_true_breaks_all__std,n_true_breaks_all__median,n_true_breaks_all__q05,n_true_breaks_all__q95,n_true_breaks_slope__mean,n_true_breaks_slope__std,n_true_breaks_slope__median,n_true_breaks_slope__q05,n_true_breaks_slope__q95,n_raw_breaks__mean,n_raw_breaks__std,n_raw_breaks__median,n_raw_breaks__q05,n_raw_breaks__q95,n_slope_breaks__mean,n_slope_breaks__std,n_slope_breaks__median,n_slope_breaks__q05,n_slope_breaks__q95,segment_ari__mean,segment_ari__std,segment_ari__median,segment_ari__q05,segment_ari__q95,segment_nmi__mean,segment_nmi__std,segment_nmi__median,segment_nmi__q05,segment_nmi__q95,segment_row_accuracy__mean,segment_row_accuracy__std,segment_row_accuracy__median,segment_row_accuracy__q05,segment_row_accuracy__q95,boundary_displacement__mean,boundary_displacement__std,boundary_displacement__median,boundary_displacement__q05,boundary_displacement__q95,relative_coefficient_error__mean,relative_coefficient_error__std,relative_coefficient_error__median,relative_coefficient_error__q05,relative_coefficient_error__q95,intercept_error__mean,intercept_error__std,intercept_error__median,intercept_error__q05,intercept_error__q95,joint_test_loss_pooled__mean,joint_test_loss_pooled__std,joint_test_loss_pooled__median,joint_test_loss_pooled__q05,joint_test_loss_pooled__q95,joint_test_loss_segmented__mean,joint_test_loss_segmented__std,joint_test_loss_segmented__median,joint_test_loss_segmented__q05,joint_test_loss_segmented__q95,joint_test_loss_oracle__mean,joint_test_loss_oracle__std,joint_test_loss_oracle__median,joint_test_loss_oracle__q05,joint_test_loss_oracle__q95,oracle_improvement_recovered__mean,oracle_improvement_recovered__std,oracle_improvement_recovered__median,oracle_improvement_recovered__q05,oracle_improvement_recovered__q95,false_slope_attribution__mean,false_slope_attribution__std,false_slope_attribution__median,false_slope_attribution__q05,false_slope_attribution__q95,runtime_seconds__mean,runtime_seconds__std,runtime_seconds__median,runtime_seconds__q05,runtime_seconds__q95,raw_break_precision__mean,raw_break_precision__std,raw_break_precision__median,raw_break_precision__q05,raw_break_precision__q95,raw_break_recall__mean,raw_break_recall__std,raw_break_recall__median,raw_break_recall__q05,raw_break_recall__q95,raw_break_f1__mean,raw_break_f1__std,raw_break_f1__median,raw_break_f1__q05,raw_break_f1__q95,raw_break_fdr__mean,raw_break_fdr__std,raw_break_fdr__median,raw_break_fdr__q05,raw_break_fdr__q95,raw_break_count_error__mean,raw_break_count_error__std,raw_break_count_error__median,raw_break_count_error__q05,raw_break_count_error__q95,raw_break_exact_set__mean,raw_break_exact_set__std,raw_break_exact_set__median,raw_break_exact_set__q05,raw_break_exact_set__q95,raw_break_localization_mae__mean,raw_break_localization_mae__std,raw_break_localization_mae__median,raw_break_localization_mae__q05,raw_break_localization_mae__q95,raw_break_localization_median__mean,raw_break_localization_median__std,raw_break_localization_median__median,raw_break_localization_median__q05,raw_break_localization_median__q95,raw_break_localization_rmse__mean,raw_break_localization_rmse__std,raw_break_localization_rmse__median,raw_break_localization_rmse__q05,raw_break_localization_rmse__q95,raw_break_localization_normalized__mean,raw_break_localization_normalized__std,raw_break_localization_normalized__median,raw_break_localization_normalized__q05,raw_break_localization_normalized__q95,raw_break_any_detection__mean,raw_break_any_detection__std,raw_break_any_detection__median,raw_break_any_detection__q05,raw_break_any_detection__q95,slope_break_precision__mean,slope_break_precision__std,slope_break_precision__median,slope_break_precision__q05,slope_break_precision__q95,slope_break_recall__mean,slope_break_recall__std,slope_break_recall__median,slope_break_recall__q05,slope_break_recall__q95,slope_break_f1__mean,slope_break_f1__std,slope_break_f1__median,slope_break_f1__q05,slope_break_f1__q95,slope_break_fdr__mean,slope_break_fdr__std,slope_break_fdr__median,slope_break_fdr__q05,slope_break_fdr__q95,slope_break_count_error__mean,slope_break_count_error__std,slope_break_count_error__median,slope_break_count_error__q05,slope_break_count_error__q95,slope_break_exact_set__mean,slope_break_exact_set__std,slope_break_exact_set__median,slope_break_exact_set__q05,slope_break_exact_set__q95,slope_break_localization_mae__mean,slope_break_localization_mae__std,slope_break_localization_mae__median,slope_break_localization_mae__q05,slope_break_localization_mae__q95,slope_break_localization_median__mean,slope_break_localization_median__std,slope_break_localization_median__median,slope_break_localization_median__q05,slope_break_localization_median__q95,slope_break_localization_rmse__mean,slope_break_localization_rmse__std,slope_break_localization_rmse__median,slope_break_localization_rmse__q05,slope_break_localization_rmse__q95,slope_break_localization_normalized__mean,slope_break_localization_normalized__std,slope_break_localization_normalized__median,slope_break_localization_normalized__q05,slope_break_localization_normalized__q95,slope_break_any_detection__mean,slope_break_any_detection__std,slope_break_any_detection__median,slope_break_any_detection__q05,slope_break_any_detection__q95,bootstrap_break_jaccard__mean,bootstrap_break_jaccard__std,bootstrap_break_jaccard__median,bootstrap_break_jaccard__q05,bootstrap_break_jaccard__q95,bootstrap_any_break_frequency__mean,bootstrap_any_break_frequency__std,bootstrap_any_break_frequency__median,bootstrap_any_break_frequency__q05,bootstrap_any_break_frequency__q95,bootstrap_mean_break_count__mean,bootstrap_mean_break_count__std,bootstrap_mean_break_count__median,bootstrap_mean_break_count__q05,bootstrap_mean_break_count__q95,bootstrap_detected_break_frequency__mean,bootstrap_detected_break_frequency__std,bootstrap_detected_break_frequency__median,bootstrap_detected_break_frequency__q05,bootstrap_detected_break_frequency__q95,bootstrap_location_interval_width__mean,bootstrap_location_interval_width__std,bootstrap_location_interval_width__median,bootstrap_location_interval_width__q05,bootstrap_location_interval_width__q95,bootstrap_location_ci_coverage__mean,bootstrap_location_ci_coverage__std,bootstrap_location_ci_coverage__median,bootstrap_location_ci_coverage__q05,bootstrap_location_ci_coverage__q95,slope_0pct_precision__mean,slope_0pct_precision__std,slope_0pct_precision__median,slope_0pct_precision__q05,slope_0pct_precision__q95,slope_0pct_recall__mean,slope_0pct_recall__std,slope_0pct_recall__median,slope_0pct_recall__q05,slope_0pct_recall__q95,slope_0pct_f1__mean,slope_0pct_f1__std,slope_0pct_f1__median,slope_0pct_f1__q05,slope_0pct_f1__q95,slope_0pct_fdr__mean,slope_0pct_fdr__std,slope_0pct_fdr__median,slope_0pct_fdr__q05,slope_0pct_fdr__q95,slope_0pct_count_error__mean,slope_0pct_count_error__std,slope_0pct_count_error__median,slope_0pct_count_error__q05,slope_0pct_count_error__q95,slope_0pct_exact_set__mean,slope_0pct_exact_set__std,slope_0pct_exact_set__median,slope_0pct_exact_set__q05,slope_0pct_exact_set__q95,slope_0pct_localization_mae__mean,slope_0pct_localization_mae__std,slope_0pct_localization_mae__median,slope_0pct_localization_mae__q05,slope_0pct_localization_mae__q95,slope_0pct_localization_median__mean,slope_0pct_localization_median__std,slope_0pct_localization_median__median,slope_0pct_localization_median__q05,slope_0pct_localization_median__q95,slope_0pct_localization_rmse__mean,slope_0pct_localization_rmse__std,slope_0pct_localization_rmse__median,slope_0pct_localization_rmse__q05,slope_0pct_localization_rmse__q95,slope_0pct_localization_normalized__mean,slope_0pct_localization_normalized__std,slope_0pct_localization_normalized__median,slope_0pct_localization_normalized__q05,slope_0pct_localization_normalized__q95,slope_0pct_any_detection__mean,slope_0pct_any_detection__std,slope_0pct_any_detection__median,slope_0pct_any_detection__q05,slope_0pct_any_detection__q95,slope_2pct_precision__mean,slope_2pct_precision__std,slope_2pct_precision__median,slope_2pct_precision__q05,slope_2pct_precision__q95,slope_2pct_recall__mean,slope_2pct_recall__std,slope_2pct_recall__median,slope_2pct_recall__q05,slope_2pct_recall__q95,slope_2pct_f1__mean,slope_2pct_f1__std,slope_2pct_f1__median,slope_2pct_f1__q05,slope_2pct_f1__q95,slope_2pct_fdr__mean,slope_2pct_fdr__std,slope_2pct_fdr__median,slope_2pct_fdr__q05,slope_2pct_fdr__q95,slope_2pct_count_error__mean,slope_2pct_count_error__std,slope_2pct_count_error__median,slope_2pct_count_error__q05,slope_2pct_count_error__q95,slope_2pct_exact_set__mean,slope_2pct_exact_set__std,slope_2pct_exact_set__median,slope_2pct_exact_set__q05,slope_2pct_exact_set__q95,slope_2pct_localization_mae__mean,slope_2pct_localization_mae__std,slope_2pct_localization_mae__median,slope_2pct_localization_mae__q05,slope_2pct_localization_mae__q95,slope_2pct_localization_median__mean,slope_2pct_localization_median__std,slope_2pct_localization_median__median,slope_2pct_localization_median__q05,slope_2pct_localization_median__q95,slope_2pct_localization_rmse__mean,slope_2pct_localization_rmse__std,slope_2pct_localization_rmse__median,slope_2pct_localization_rmse__q05,slope_2pct_localization_rmse__q95,slope_2pct_localization_normalized__mean,slope_2pct_localization_normalized__std,slope_2pct_localization_normalized__median,slope_2pct_localization_normalized__q05,slope_2pct_localization_normalized__q95,slope_2pct_any_detection__mean,slope_2pct_any_detection__std,slope_2pct_any_detection__median,slope_2pct_any_detection__q05,slope_2pct_any_detection__q95,slope_5pct_precision__mean,slope_5pct_precision__std,slope_5pct_precision__median,slope_5pct_precision__q05,slope_5pct_precision__q95,slope_5pct_recall__mean,slope_5pct_recall__std,slope_5pct_recall__median,slope_5pct_recall__q05,slope_5pct_recall__q95,slope_5pct_f1__mean,slope_5pct_f1__std,slope_5pct_f1__median,slope_5pct_f1__q05,slope_5pct_f1__q95,slope_5pct_fdr__mean,slope_5pct_fdr__std,slope_5pct_fdr__median,slope_5pct_fdr__q05,slope_5pct_fdr__q95,slope_5pct_count_error__mean,slope_5pct_count_error__std,slope_5pct_count_error__median,slope_5pct_count_error__q05,slope_5pct_count_error__q95,slope_5pct_exact_set__mean,slope_5pct_exact_set__std,slope_5pct_exact_set__median,slope_5pct_exact_set__q05,slope_5pct_exact_set__q95,slope_5pct_localization_mae__mean,slope_5pct_localization_mae__std,slope_5pct_localization_mae__median,slope_5pct_localization_mae__q05,slope_5pct_localization_mae__q95,slope_5pct_localization_median__mean,slope_5pct_localization_median__std,slope_5pct_localization_median__median,slope_5pct_localization_median__q05,slope_5pct_localization_median__q95,slope_5pct_localization_rmse__mean,slope_5pct_localization_rmse__std,slope_5pct_localization_rmse__median,slope_5pct_localization_rmse__q05,slope_5pct_localization_rmse__q95,slope_5pct_localization_normalized__mean,slope_5pct_localization_normalized__std,slope_5pct_localization_normalized__median,slope_5pct_localization_normalized__q05,slope_5pct_localization_normalized__q95,slope_5pct_any_detection__mean,slope_5pct_any_detection__std,slope_5pct_any_detection__median,slope_5pct_any_detection__q05,slope_5pct_any_detection__q95
temporal_split_detection,complete_null,5,0.5599999999999999,0.25347583711273153,0.55,0.28,0.86,0.0,0.0,0.0,0.0,0.0,0.0,0.0,0.0,0.0,0.0,0.0,0.0,0.0,0.0,0.0,0.0,0.0,0.0,0.0,0.0,0.0,0.0,0.0,0.0,0.0,1.0,0.0,1.0,1.0,1.0,1.0,0.0,1.0,1.0,1.0,1.0,0.0,1.0,1.0,1.0,0.0,0.0,0.0,0.0,0.0,0.07754427682143877,0.0177452357059789,0.06748391871310208,0.0634271128914656,0.10014640548239534,0.03888424981695257,0.015134863036006179,0.03480537808033297,0.024041918092678173,0.05824045926009276,0.2939927683020473,0.03297376623358915,0.2902786118234465,0.25607891264855515,0.3316893290717895,0.2939927683020473,0.03297376623358915,0.2902786118234465,0.25607891264855515,0.3316893290717895,0.2939927683020473,0.03297376623358915,0.2902786118234465,0.25607891264855515,0.3316893290717895,,0.0,,,,0.0,0.0,0.0,0.0,0.0,0.3118668805982452,0.18258285580684572,0.18441449200327042,0.17615733880375045,0.5329690105922055,1.0,0.0,1.0,1.0,1.0,1.0,0.0,1.0,1.0,1.0,1.0,0.0,1.0,1.0,1.0,0.0,0.0,0.0,0.0,0.0,0.0,0.0,0.0,0.0,0.0,1.0,0.0,1.0,1.0,1.0,,0.0,,,,,0.0,,,,,0.0,,,,,0.0,,,,0.0,0.0,0.0,0.0,0.0,1.0,0.0,1.0,1.0,1.0,1.0,0.0,1.0,1.0,1.0,1.0,0.0,1.0,1.0,1.0,0.0,0.0,0.0,0.0,0.0,0.0,0.0,0.0,0.0,0.0,1.0,0.0,1.0,1.0,1.0,,0.0,,,,,0.0,,,,,0.0,,,,,0.0,,,,0.0,0.0,0.0,0.0,0.0,1.0,0.0,1.0,1.0,1.0,0.0,0.0,0.0,0.0,0.0,0.0,0.0,0.0,0.0,0.0,,0.0,,,,,0.0,,,,,0.0,,,,1.0,0.0,1.0,1.0,1.0,1.0,0.0,1.0,1.0,1.0,1.0,0.0,1.0,1.0,1.0,0.0,0.0,0.0,0.0,0.0,0.0,0.0,0.0,0.0,0.0,1.0,0.0,1.0,1.0,1.0,,0.0,,,,,0.0,,,,,0.0,,,,,0.0,,,,0.0,0.0,0.0,0.0,0.0,1.0,0.0,1.0,1.0,1.0,1.0,0.0,1.0,1.0,1.0,1.0,0.0,1.0,1.0,1.0,0.0,0.0,0.0,0.0,0.0,0.0,0.0,0.0,0.0,0.0,1.0,0.0,1.0,1.0,1.0,,0.0,,,,,0.0,,,,,0.0,,,,,0.0,,,,0.0,0.0,0.0,0.0,0.0,1.0,0.0,1.0,1.0,1.0,1.0,0.0,1.0,1.0,1.0,1.0,0.0,1.0,1.0,1.0,0.0,0.0,0.0,0.0,0.0,0.0,0.0,0.0,0.0,0.0,1.0,0.0,1.0,1.0,1.0,,0.0,,,,,0.0,,,,,0.0,,,,,0.0,,,,0.0,0.0,0.0,0.0,0.0
temporal_split_detection,feature_shift_only,5,0.55,0.16583123951776998,0.6,0.33999999999999997,0.72,0.0,0.0,0.0,0.0,0.0,0.0,0.0,0.0,0.0,0.0,0.0,0.0,0.0,0.0,0.0,0.0,0.0,0.0,0.0,0.0,0.0,0.0,0.0,0.0,0.0,1.0,0.0,1.0,1.0,1.0,1.0,0.0,1.0,1.0,1.0,1.0,0.0,1.0,1.0,1.0,0.0,0.0,0.0,0.0,0.0,0.07683271706411676,0.01832091870331648,0.06535381844642435,0.06238334613378389,0.09962200710300093,0.037757350172362786,0.014430827485798376,0.034085053245379276,0.023310682640323245,0.05613446623234948,0.27609593164261564,0.0385427954345965,0.2862870135878021,0.22650200041901553,0.31442327679860105,0.27609593164261564,0.0385427954345965,0.2862870135878021,0.22650200041901553,0.31442327679860105,0.27609593164261564,0.0385427954345965,0.2862870135878021,0.22650200041901553,0.31442327679860105,,0.0,,,,0.0,0.0,0.0,0.0,0.0,0.2351582806004444,0.058288713845262276,0.21330343298905063,0.20063674380653537,0.31434287600277455,1.0,0.0,1.0,1.0,1.0,1.0,0.0,1.0,1.0,1.0,1.0,0.0,1.0,1.0,1.0,0.0,0.0,0.0,0.0,0.0,0.0,0.0,0.0,0.0,0.0,1.0,0.0,1.0,1.0,1.0,,0.0,,,,,0.0,,,,,0.0,,,,,0.0,,,,0.0,0.0,0.0,0.0,0.0,1.0,0.0,1.0,1.0,1.0,1.0,0.0,1.0,1.0,1.0,1.0,0.0,1.0,1.0,1.0,0.0,0.0,0.0,0.0,0.0,0.0,0.0,0.0,0.0,0.0,1.0,0.0,1.0,1.0,1.0,,0.0,,,,,0.0,,,,,0.0,,,,,0.0,,,,0.0,0.0,0.0,0.0,0.0,1.0,0.0,1.0,1.0,1.0,0.0,0.0,0.0,0.0,0.0,0.0,0.0,0.0,0.0,0.0,,0.0,,,,,0.0,,,,,0.0,,,,1.0,0.0,1.0,1.0,1.0,1.0,0.0,1.0,1.0,1.0,1.0,0.0,1.0,1.0,1.0,0.0,0.0,0.0,0.0,0.0,0.0,0.0,0.0,0.0,0.0,1.0,0.0,1.0,1.0,1.0,,0.0,,,,,0.0,,,,,0.0,,,,,0.0,,,,0.0,0.0,0.0,0.0,0.0,1.0,0.0,1.0,1.0,1.0,1.0,0.0,1.0,1.0,1.0,1.0,0.0,1.0,1.0,1.0,0.0,0.0,0.0,0.0,0.0,0.0,0.0,0.0,0.0,0.0,1.0,0.0,1.0,1.0,1.0,,0.0,,,,,0.0,,,,,0.0,,,,,0.0,,,,0.0,0.0,0.0,0.0,0.0,1.0,0.0,1.0,1.0,1.0,1.0,0.0,1.0,1.0,1.0,1.0,0.0,1.0,1.0,1.0,0.0,0.0,0.0,0.0,0.0,0.0,0.0,0.0,0.0,0.0,1.0,0.0,1.0,1.0,1.0,,0.0,,,,,0.0,,,,,0.0,,,,,0.0,,,,0.0,0.0,0.0,0.0,0.0
temporal_split_detection,global_nonlinear_correct,5,0.59,0.35601966237835797,0.65,0.18,0.94,0.0,0.0,0.0,0.0,0.0,0.0,0.0,0.0,0.0,0.0,0.0,0.0,0.0,0.0,0.0,0.0,0.0,0.0,0.0,0.0,0.0,0.0,0.0,0.0,0.0,1.0,0.0,1.0,1.0,1.0,1.0,0.0,1.0,1.0,1.0,1.0,0.0,1.0,1.0,1.0,0.0,0.0,0.0,0.0,0.0,,0.0,,,,,0.0,,,,0.30978558602606976,0.03785389050098808,0.31139198504517046,0.2698361217078464,0.3566211070181513,0.30978558602606976,0.03785389050098808,0.31139198504517046,0.2698361217078464,0.3566211070181513,0.30978558602606976,0.03785389050098808,0.31139198504517046,0.2698361217078464,0.3566211070181513,,0.0,,,,0.0,0.0,0.0,0.0,0.0,0.2289020225958666,0.04453303287025826,0.20977112499531358,0.20374539319309407,0.2900422975973924,1.0,0.0,1.0,1.0,1.0,1.0,0.0,1.0,1.0,1.0,1.0,0.0,1.0,1.0,1.0,0.0,0.0,0.0,0.0,0.0,0.0,0.0,0.0,0.0,0.0,1.0,0.0,1.0,1.0,1.0,,0.0,,,,,0.0,,,,,0.0,,,,,0.0,,,,0.0,0.0,0.0,0.0,0.0,1.0,0.0,1.0,1.0,1.0,1.0,0.0,1.0,1.0,1.0,1.0,0.0,1.0,1.0,1.0,0.0,0.0,0.0,0.0,0.0,0.0,0.0,0.0,0.0,0.0,1.0,0.0,1.0,1.0,1.0,,0.0,,,,,0.0,,,,,0.0,,,,,0.0,,,,0.0,0.0,0.0,0.0,0.0,1.0,0.0,1.0,1.0,1.0,0.0,0.0,0.0,0.0,0.0,0.0,0.0,0.0,0.0,0.0,,0.0,,,,,0.0,,,,,0.0,,,,1.0,0.0,1.0,1.0,1.0,1.0,0.0,1.0,1.0,1.0,1.0,0.0,1.0,1.0,1.0,0.0,0.0,0.0,0.0,0.0,0.0,0.0,0.0,0.0,0.0,1.0,0.0,1.0,1.0,1.0,,0.0,,,,,0.0,,,,,0.0,,,,,0.0,,,,0.0,0.0,0.0,0.0,0.0,1.0,0.0,1.0,1.0,1.0,1.0,0.0,1.0,1.0,1.0,1.0,0.0,1.0,1.0,1.0,0.0,0.0,0.0,0.0,0.0,0.0,0.0,0.0,0.0,0.0,1.0,0.0,1.0,1.0,1.0,,0.0,,,,,0.0,,,,,0.0,,,,,0.0,,,,0.0,0.0,0.0,0.0,0.0,1.0,0.0,1.0,1.0,1.0,1.0,0.0,1.0,1.0,1.0,1.0,0.0,1.0,1.0,1.0,0.0,0.0,0.0,0.0,0.0,0.0,0.0,0.0,0.0,0.0,1.0,0.0,1.0,1.0,1.0,,0.0,,,,,0.0,,,,,0.0,,,,,0.0,,,,0.0,0.0,0.0,0.0,0.0
temporal_split_detection,gradual_drift,5,0.05,0.0,0.05,0.05,0.05,0.0,0.0,0.0,0.0,0.0,1.0,0.0,1.0,1.0,1.0,1.0,0.0,1.0,1.0,1.0,1.0,0.0,1.0,1.0,1.0,1.0,0.0,1.0,1.0,1.0,0.9092936291130753,0.05207107699466949,0.9343349417782576,0.8461893408027904,0.9603783347364828,0.8677012579871833,0.060445791292037365,0.8941355940977418,0.7963319699186138,0.9298254169878204,0.9766666666666666,0.013693063937629136,0.9833333333333333,0.9600000000000001,0.99,0.023333333333333338,0.013693063937629134,0.01666666666666672,0.009999999999999986,0.039999999999999966,,0.0,,,,,0.0,,,,0.3137997269606994,0.06157269169266247,0.30601321606025716,0.25211067804246906,0.3928864202233907,0.26317304527867236,0.05341825641360609,0.2523288866395709,0.2114505678306088,0.3323165336833757,0.26145512204102433,0.051433088574159166,0.2535545086676055,0.21050373160588282,0.3272296381153823,0.9722236747525782,0.041839220240211805,0.9718156906551072,0.9230910709443564,1.0186685167516443,0.0,0.0,0.0,0.0,0.0,0.21267618960118853,0.005887054439798977,0.21086311800172552,0.20658646819356363,0.219951670608134,0.2,0.447213595499958,0.0,0.0,0.7999999999999998,0.2,0.447213595499958,0.0,0.0,0.7999999999999998,0.2,0.447213595499958,0.0,0.0,0.7999999999999998,0.8,0.4472135954999579,1.0,0.2,1.0,0.0,0.0,0.0,0.0,0.0,0.0,0.0,0.0,0.0,0.0,5.0,0.0,5.0,5.0,5.0,5.0,0.0,5.0,5.0,5.0,5.0,0.0,5.0,5.0,5.0,0.008333333333333333,0.0,0.008333333333333333,0.008333333333333333,0.008333333333333333,1.0,0.0,1.0,1.0,1.0,0.2,0.447213595499958,0.0,0.0,0.7999999999999998,0.2,0.447213595499958,0.0,0.0,0.7999999999999998,0.2,0.447213595499958,0.0,0.0,0.7999999999999998,0.8,0.4472135954999579,1.0,0.2,1.0,0.0,0.0,0.0,0.0,0.0,0.0,0.0,0.0,0.0,0.0,5.0,0.0,5.0,5.0,5.0,5.0,0.0,5.0,5.0,5.0,5.0,0.0,5.0,5.0,5.0,0.008333333333333333,0.0,0.008333333333333333,0.008333333333333333,0.008333333333333333,1.0,0.0,1.0,1.0,1.0,0.8800000000000001,0.2683281572999748,1.0,0.52,1.0,1.0,0.0,1.0,1.0,1.0,1.0,0.0,1.0,1.0,1.0,0.9199999999999999,0.17888543819998318,1.0,0.6799999999999999,1.0,10.0,0.0,10.0,10.0,10.0,1.0,0.0,1.0,1.0,1.0,0.0,0.0,0.0,0.0,0.0,0.0,0.0,0.0,0.0,0.0,0.0,0.0,0.0,0.0,0.0,1.0,0.0,1.0,1.0,1.0,0.0,0.0,0.0,0.0,0.0,0.0,0.0,0.0,0.0,0.0,,0.0,,,,,0.0,,,,,0.0,,,,,0.0,,,,1.0,0.0,1.0,1.0,1.0,0.6,0.5477225575051662,1.0,0.0,1.0,0.6,0.5477225575051662,1.0,0.0,1.0,0.6,0.5477225575051662,1.0,0.0,1.0,0.4,0.5477225575051662,0.0,0.0,1.0,0.0,0.0,0.0,0.0,0.0,0.0,0.0,0.0,0.0,0.0,8.333333333333334,2.8867513459481287,10.0,5.5,10.0,8.333333333333334,2.8867513459481287,10.0,5.5,10.0,8.333333333333334,2.8867513459481287,10.0,5.5,10.0,0.01388888888888889,0.004811252243246881,0.016666666666666666,0.009166666666666667,0.016666666666666666,1.0,0.0,1.0,1.0,1.0,1.0,0.0,1.0,1.0,1.0,1.0,0.0,1.0,1.0,1.0,1.0,0.0,1.0,1.0,1.0,0.0,0.0,0.0,0.0,0.0,0.0,0.0,0.0,0.0,0.0,0.0,0.0,0.0,0.0,0.0,14.0,8.215838362577491,10.0,6.0,24.0,14.0,8.215838362577491,10.0,6.0,24.0,14.0,8.215838362577491,10.0,6.0,24.0,0.02333333333333333,0.013693063937629152,0.016666666666666666,0.01,0.039999999999999994,1.0,0.0,1.0,1.0,1.0
temporal_split_detection,intercept_only_break,5,0.05,0.0,0.05,0.05,0.05,0.0,0.0,0.0,0.0,0.0,1.0,0.0,1.0,1.0,1.0,0.0,0.0,0.0,0.0,0.0,1.0,0.0,1.0,1.0,1.0,0.0,0.0,0.0,0.0,0.0,1.0,0.0,1.0,1.0,1.0,1.0,0.0,1.0,1.0,1.0,1.0,0.0,1.0,1.0,1.0,0.0,0.0,0.0,0.0,0.0,0.10727009360589099,0.020092901604470265,0.09715387211751304,0.09215930815599996,0.13440504578795762,0.05086171896065045,0.015540114560188424,0.05914986531084038,0.03101094705966475,0.0645117611507371,0.3685966245303107,0.03487332985925771,0.3776665361260016,0.3258761654003122,0.4033171305970985,0.2707723722765117,0.02905720599512514,0.275106125548047,0.2330517994848982,0.29637036277402856,0.2707723722765117,0.02905720599512514,0.275106125548047,0.2330517994848982,0.29637036277402856,1.0,0.0,1.0,1.0,1.0,0.0,0.0,0.0,0.0,0.0,0.4207369488023687,0.13683050530811314,0.450419671004056,0.24989706059568562,0.5654360404063482,1.0,0.0,1.0,1.0,1.0,1.0,0.0,1.0,1.0,1.0,1.0,0.0,1.0,1.0,1.0,0.0,0.0,0.0,0.0,0.0,0.0,0.0,0.0,0.0,0.0,1.0,0.0,1.0,1.0,1.0,0.0,0.0,0.0,0.0,0.0,0.0,0.0,0.0,0.0,0.0,0.0,0.0,0.0,0.0,0.0,0.0,0.0,0.0,0.0,0.0,1.0,0.0,1.0,1.0,1.0,1.0,0.0,1.0,1.0,1.0,1.0,0.0,1.0,1.0,1.0,1.0,0.0,1.0,1.0,1.0,0.0,0.0,0.0,0.0,0.0,0.0,0.0,0.0,0.0,0.0,1.0,0.0,1.0,1.0,1.0,,0.0,,,,,0.0,,,,,0.0,,,,,0.0,,,,0.0,0.0,0.0,0.0,0.0,1.0,0.0,1.0,1.0,1.0,1.0,0.0,1.0,1.0,1.0,1.0,0.0,1.0,1.0,1.0,1.0,0.0,1.0,1.0,1.0,0.0,0.0,0.0,0.0,0.0,1.0,0.0,1.0,1.0,1.0,1.0,0.0,1.0,1.0,1.0,1.0,0.0,1.0,1.0,1.0,1.0,0.0,1.0,1.0,1.0,0.0,0.0,0.0,0.0,0.0,0.0,0.0,0.0,0.0,0.0,1.0,0.0,1.0,1.0,1.0,,0.0,,,,,0.0,,,,,0.0,,,,,0.0,,,,0.0,0.0,0.0,0.0,0.0,1.0,0.0,1.0,1.0,1.0,1.0,0.0,1.0,1.0,1.0,1.0,0.0,1.0,1.0,1.0,0.0,0.0,0.0,0.0,0.0,0.0,0.0,0.0,0.0,0.0,1.0,0.0,1.0,1.0,1.0,,0.0,,,,,0.0,,,,,0.0,,,,,0.0,,,,0.0,0.0,0.0,0.0,0.0,1.0,0.0,1.0,1.0,1.0,1.0,0.0,1.0,1.0,1.0,1.0,0.0,1.0,1.0,1.0,0.0,0.0,0.0,0.0,0.0,0.0,0.0,0.0,0.0,0.0,1.0,0.0,1.0,1.0,1.0,,0.0,,,,,0.0,,,,,0.0,,,,,0.0,,,,0.0,0.0,0.0,0.0,0.0
temporal_split_detection,misspecified_local_model,5,0.08,0.0670820393249937,0.05,0.05,0.16999999999999998,0.0,0.0,0.0,0.0,0.0,0.0,0.0,0.0,0.0,0.0,0.0,0.0,0.0,0.0,0.0,0.0,0.0,0.0,0.0,0.0,0.0,0.0,0.0,0.0,0.0,1.0,0.0,1.0,1.0,1.0,1.0,0.0,1.0,1.0,1.0,1.0,0.0,1.0,1.0,1.0,0.0,0.0,0.0,0.0,0.0,,0.0,,,,,0.0,,,,0.9560656115951429,0.008820547541109563,0.9553606537413352,0.9464746279176,0.9665958626116465,0.9560656115951429,0.008820547541109563,0.9553606537413352,0.9464746279176,0.9665958626116465,0.9560656115951429,0.008820547541109563,0.9553606537413352,0.9464746279176,0.9665958626116465,,0.0,,,,0.0,0.0,0.0,0.0,0.0,0.21418051380023825,0.011724488020091595,0.2092183280037716,0.20631227520061657,0.23035123520239723,1.0,0.0,1.0,1.0,1.0,1.0,0.0,1.0,1.0,1.0,1.0,0.0,1.0,1.0,1.0,0.0,0.0,0.0,0.0,0.0,0.0,0.0,0.0,0.0,0.0,1.0,0.0,1.0,1.0,1.0,,0.0,,,,,0.0,,,,,0.0,,,,,0.0,,,,0.0,0.0,0.0,0.0,0.0,1.0,0.0,1.0,1.0,1.0,1.0,0.0,1.0,1.0,1.0,1.0,0.0,1.0,1.0,1.0,0.0,0.0,0.0,0.0,0.0,0.0,0.0,0.0,0.0,0.0,1.0,0.0,1.0,1.0,1.0,,0.0,,,,,0.0,,,,,0.0,,,,,0.0,,,,0.0,0.0,0.0,0.0,0.0,1.0,0.0,1.0,1.0,1.0,0.0,0.0,0.0,0.0,0.0,0.0,0.0,0.0,0.0,0.0,,0.0,,,,,0.0,,,,,0.0,,,,1.0,0.0,1.0,1.0,1.0,1.0,0.0,1.0,1.0,1.0,1.0,0.0,1.0,1.0,1.0,0.0,0.0,0.0,0.0,0.0,0.0,0.0,0.0,0.0,0.0,1.0,0.0,1.0,1.0,1.0,,0.0,,,,,0.0,,,,,0.0,,,,,0.0,,,,0.0,0.0,0.0,0.0,0.0,1.0,0.0,1.0,1.0,1.0,1.0,0.0,1.0,1.0,1.0,1.0,0.0,1.0,1.0,1.0,0.0,0.0,0.0,0.0,0.0,0.0,0.0,0.0,0.0,0.0,1.0,0.0,1.0,1.0,1.0,,0.0,,,,,0.0,,,,,0.0,,,,,0.0,,,,0.0,0.0,0.0,0.0,0.0,1.0,0.0,1.0,1.0,1.0,1.0,0.0,1.0,1.0,1.0,1.0,0.0,1.0,1.0,1.0,0.0,0.0,0.0,0.0,0.0,0.0,0.0,0.0,0.0,0.0,1.0,0.0,1.0,1.0,1.0,,0.0,,,,,0.0,,,,,0.0,,,,,0.0,,,,0.0,0.0,0.0,0.0,0.0
temporal_split_detection,multiple_coefficient_breaks,5,0.05,0.0,0.05,0.05,0.05,0.0,0.0,0.0,0.0,0.0,2.0,0.0,2.0,2.0,2.0,2.0,0.0,2.0,2.0,2.0,0.0,0.0,0.0,0.0,0.0,0.0,0.0,0.0,0.0,0.0,0.0,0.0,0.0,0.0,0.0,0.0,0.0,0.0,0.0,0.0,0.3333333333333333,0.0,0.3333333333333333,0.3333333333333333,0.3333333333333333,0.6666666666666667,0.0,0.6666666666666667,0.6666666666666667,0.6666666666666667,0.3609216950202913,0.062344065560587726,0.3388360171224991,0.3198318615078863,0.4462619047544787,0.05697089585406402,0.026822616871608536,0.056714428244811134,0.028984682219180317,0.09061419375914183,0.3197635948335541,0.04918243603334371,0.31250220740904217,0.2633994677775621,0.37762786128620246,0.3197635948335541,0.04918243603334371,0.31250220740904217,0.2633994677775621,0.37762786128620246,0.27561525327471753,0.04934812067011685,0.26204503346082825,0.22318681145301725,0.3366783404283914,0.0,0.0,0.0,0.0,0.0,0.0,0.0,0.0,0.0,0.0,0.21663996599672827,0.023251519256125945,0.21315863999188878,0.1978837181988638,0.24768789599766022,0.0,0.0,0.0,0.0,0.0,0.0,0.0,0.0,0.0,0.0,0.0,0.0,0.0,0.0,0.0,0.0,0.0,0.0,0.0,0.0,2.0,0.0,2.0,2.0,2.0,0.0,0.0,0.0,0.0,0.0,,0.0,,,,,0.0,,,,,0.0,,,,,0.0,,,,0.0,0.0,0.0,0.0,0.0,0.0,0.0,0.0,0.0,0.0,0.0,0.0,0.0,0.0,0.0,0.0,0.0,0.0,0.0,0.0,0.0,0.0,0.0,0.0,0.0,2.0,0.0,2.0,2.0,2.0,0.0,0.0,0.0,0.0,0.0,,0.0,,,,,0.0,,,,,0.0,,,,,0.0,,,,0.0,0.0,0.0,0.0,0.0,1.0,0.0,1.0,1.0,1.0,0.0,0.0,0.0,0.0,0.0,0.0,0.0,0.0,0.0,0.0,,0.0,,,,,0.0,,,,,0.0,,,,0.0,0.0,0.0,0.0,0.0,0.0,0.0,0.0,0.0,0.0,0.0,0.0,0.0,0.0,0.0,0.0,0.0,0.0,0.0,0.0,2.0,0.0,2.0,2.0,2.0,0.0,0.0,0.0,0.0,0.0,,0.0,,,,,0.0,,,,,0.0,,,,,0.0,,,,0.0,0.0,0.0,0.0,0.0,0.0,0.0,0.0,0.0,0.0,0.0,0.0,0.0,0.0,0.0,0.0,0.0,0.0,0.0,0.0,0.0,0.0,0.0,0.0,0.0,2.0,0.0,2.0,2.0,2.0,0.0,0.0,0.0,0.0,0.0,,0.0,,,,,0.0,,,,,0.0,,,,,0.0,,,,0.0,0.0,0.0,0.0,0.0,0.0,0.0,0.0,0.0,0.0,0.0,0.0,0.0,0.0,0.0,0.0,0.0,0.0,0.0,0.0,0.0,0.0,0.0,0.0,0.0,2.0,0.0,2.0,2.0,2.0,0.0,0.0,0.0,0.0,0.0,,0.0,,,,,0.0,,,,,0.0,,,,,0.0,,,,0.0,0.0,0.0,0.0,0.0
temporal_split_detection,one_coefficient_break,5,0.05,0.0,0.05,0.05,0.05,0.0,0.0,0.0,0.0,0.0,1.0,0.0,1.0,1.0,1.0,1.0,0.0,1.0,1.0,1.0,1.0,0.0,1.0,1.0,1.0,1.0,0.0,1.0,1.0,1.0,0.9933778365952077,0.014807607531226773,1.0,0.9735113463808313,1.0,0.9877495745420681,0.0273927840772299,1.0,0.9509982981682721,1.0,0.9983333333333334,0.0037267799624996364,1.0,0.9933333333333334,1.0,0.0016666666666666607,0.003726779962499637,0.0,0.0,0.006666666666666642,0.09681533885997601,0.016637674815626932,0.10096386770397871,0.07882291902456687,0.11588447420088759,0.05051624434558334,0.016227887710154338,0.056726958590339216,0.0304480865151906,0.06444094623561399,0.3190143819679329,0.06205208490388979,0.3124401013365001,0.25645109304027286,0.39841657809459813,0.2570103035334309,0.05165590596024492,0.24963192537298431,0.20470523176955824,0.322486289453189,0.2566724999330001,0.051639225441063905,0.24963192537298431,0.20470523176955824,0.32214848585275824,0.995122757284771,0.010905846254017647,1.0,0.980491029139084,1.0,0.0,0.0,0.0,0.0,0.0,0.3131338706036331,0.21311437707248443,0.23848725300922524,0.1800672610057518,0.6039317950024269,1.0,0.0,1.0,1.0,1.0,1.0,0.0,1.0,1.0,1.0,1.0,0.0,1.0,1.0,1.0,0.0,0.0,0.0,0.0,0.0,0.0,0.0,0.0,0.0,0.0,0.8,0.44721359549995804,1.0,0.2,1.0,1.0,2.23606797749979,0.0,0.0,3.999999999999999,1.0,2.23606797749979,0.0,0.0,3.999999999999999,1.0,2.23606797749979,0.0,0.0,3.999999999999999,0.0016666666666666666,0.003726779962499649,0.0,0.0,0.006666666666666665,1.0,0.0,1.0,1.0,1.0,1.0,0.0,1.0,1.0,1.0,1.0,0.0,1.0,1.0,1.0,1.0,0.0,1.0,1.0,1.0,0.0,0.0,0.0,0.0,0.0,0.0,0.0,0.0,0.0,0.0,0.8,0.44721359549995804,1.0,0.2,1.0,1.0,2.23606797749979,0.0,0.0,3.999999999999999,1.0,2.23606797749979,0.0,0.0,3.999999999999999,1.0,2.23606797749979,0.0,0.0,3.999999999999999,0.0016666666666666666,0.003726779962499649,0.0,0.0,0.006666666666666665,1.0,0.0,1.0,1.0,1.0,1.0,0.0,1.0,1.0,1.0,1.0,0.0,1.0,1.0,1.0,1.0,0.0,1.0,1.0,1.0,1.0,0.0,1.0,1.0,1.0,2.6,2.4083189157584592,4.0,0.0,4.8,0.8,0.44721359549995804,1.0,0.2,1.0,0.8,0.44721359549995804,1.0,0.2,1.0,0.8,0.44721359549995804,1.0,0.2,1.0,0.8,0.44721359549995804,1.0,0.2,1.0,0.2,0.44721359549995804,0.0,0.0,0.7999999999999998,0.0,0.0,0.0,0.0,0.0,0.8,0.44721359549995804,1.0,0.2,1.0,0.0,0.0,0.0,0.0,0.0,0.0,0.0,0.0,0.0,0.0,0.0,0.0,0.0,0.0,0.0,0.0,0.0,0.0,0.0,0.0,1.0,0.0,1.0,1.0,1.0,1.0,0.0,1.0,1.0,1.0,1.0,0.0,1.0,1.0,1.0,1.0,0.0,1.0,1.0,1.0,0.0,0.0,0.0,0.0,0.0,0.0,0.0,0.0,0.0,0.0,0.8,0.44721359549995804,1.0,0.2,1.0,1.0,2.23606797749979,0.0,0.0,3.999999999999999,1.0,2.23606797749979,0.0,0.0,3.999999999999999,1.0,2.23606797749979,0.0,0.0,3.999999999999999,0.0016666666666666666,0.003726779962499649,0.0,0.0,0.006666666666666665,1.0,0.0,1.0,1.0,1.0,1.0,0.0,1.0,1.0,1.0,1.0,0.0,1.0,1.0,1.0,1.0,0.0,1.0,1.0,1.0,0.0,0.0,0.0,0.0,0.0,0.0,0.0,0.0,0.0,0.0,0.8,0.44721359549995804,1.0,0.2,1.0,1.0,2.23606797749979,0.0,0.0,3.999999999999999,1.0,2.23606797749979,0.0,0.0,3.999999999999999,1.0,2.23606797749979,0.0,0.0,3.999999999999999,0.0016666666666666666,0.003726779962499649,0.0,0.0,0.006666666666666665,1.0,0.0,1.0,1.0,1.0
temporal_split_detection,short_segment,5,0.05,0.0,0.05,0.05,0.05,0.0,0.0,0.0,0.0,0.0,1.0,0.0,1.0,1.0,1.0,1.0,0.0,1.0,1.0,1.0,0.8,0.4472135954999579,1.0,0.2,1.0,0.8,0.4472135954999579,1.0,0.2,1.0,0.7620684586070811,0.42600921923847945,0.9525855732588513,0.19051711465177026,0.9525855732588513,0.7186439201510729,0.4017341642686825,0.8983049001888411,0.17966098003776823,0.8983049001888411,0.9683333333333334,0.0521749194749951,0.9916666666666667,0.8983333333333333,0.9916666666666667,0.03166666666666664,0.0521749194749951,0.008333333333333304,0.008333333333333304,0.10166666666666664,0.13306324159196165,0.03893476210677702,0.13360625453158045,0.08994534503332827,0.1729071545574295,0.06972412264744247,0.054168894256031275,0.06043203404653302,0.022667690096733438,0.14166618072873993,0.259080197704877,0.07672533660106721,0.24120370582733217,0.19685145391293274,0.36123036246900686,0.2451981414321645,0.0742496116514434,0.22449985667567965,0.180688068125158,0.34434777894724367,0.2402384820459314,0.07435606897335904,0.22179537059663754,0.1797925253092666,0.339158857773304,0.7333989413652019,0.41142301702387674,0.9173679800691618,0.17213067430157616,0.9474022875300159,0.0,0.0,0.0,0.0,0.0,0.21563193679612597,0.008392077565534157,0.21423092400073074,0.20722180299344473,0.22642158339731394,0.8,0.4472135954999579,1.0,0.2,1.0,0.8,0.4472135954999579,1.0,0.2,1.0,0.8,0.4472135954999579,1.0,0.2,1.0,0.0,0.0,0.0,0.0,0.0,0.2,0.447213595499958,0.0,0.0,0.7999999999999998,0.0,0.0,0.0,0.0,0.0,5.0,0.0,5.0,5.0,5.0,5.0,0.0,5.0,5.0,5.0,5.0,0.0,5.0,5.0,5.0,0.008333333333333333,0.0,0.008333333333333333,0.008333333333333333,0.008333333333333333,0.8,0.4472135954999579,1.0,0.2,1.0,0.8,0.4472135954999579,1.0,0.2,1.0,0.8,0.4472135954999579,1.0,0.2,1.0,0.8,0.4472135954999579,1.0,0.2,1.0,0.0,0.0,0.0,0.0,0.0,0.2,0.447213595499958,0.0,0.0,0.7999999999999998,0.0,0.0,0.0,0.0,0.0,5.0,0.0,5.0,5.0,5.0,5.0,0.0,5.0,5.0,5.0,5.0,0.0,5.0,5.0,5.0,0.008333333333333333,0.0,0.008333333333333333,0.008333333333333333,0.008333333333333333,0.8,0.4472135954999579,1.0,0.2,1.0,1.0,0.0,1.0,1.0,1.0,0.8,0.4472135954999579,1.0,0.2,1.0,0.8,0.4472135954999579,1.0,0.2,1.0,1.0,0.0,1.0,1.0,1.0,0.0,0.0,0.0,0.0,0.0,0.0,0.0,0.0,0.0,0.0,0.0,0.0,0.0,0.0,0.0,0.0,0.0,0.0,0.0,0.0,0.0,0.0,0.0,0.0,0.0,0.8,0.4472135954999579,1.0,0.2,1.0,0.2,0.447213595499958,0.0,0.0,0.7999999999999998,0.0,0.0,0.0,0.0,0.0,,0.0,,,,,0.0,,,,,0.0,,,,,0.0,,,,0.8,0.4472135954999579,1.0,0.2,1.0,0.8,0.4472135954999579,1.0,0.2,1.0,0.8,0.4472135954999579,1.0,0.2,1.0,0.8,0.4472135954999579,1.0,0.2,1.0,0.0,0.0,0.0,0.0,0.0,0.2,0.447213595499958,0.0,0.0,0.7999999999999998,0.0,0.0,0.0,0.0,0.0,5.0,0.0,5.0,5.0,5.0,5.0,0.0,5.0,5.0,5.0,5.0,0.0,5.0,5.0,5.0,0.008333333333333333,0.0,0.008333333333333333,0.008333333333333333,0.008333333333333333,0.8,0.4472135954999579,1.0,0.2,1.0,0.8,0.4472135954999579,1.0,0.2,1.0,0.8,0.4472135954999579,1.0,0.2,1.0,0.8,0.4472135954999579,1.0,0.2,1.0,0.0,0.0,0.0,0.0,0.0,0.2,0.447213595499958,0.0,0.0,0.7999999999999998,0.0,0.0,0.0,0.0,0.0,5.0,0.0,5.0,5.0,5.0,5.0,0.0,5.0,5.0,5.0,5.0,0.0,5.0,5.0,5.0,0.008333333333333333,0.0,0.008333333333333333,0.008333333333333333,0.008333333333333333,0.8,0.4472135954999579,1.0,0.2,1.0
temporal_split_detection,sparse_coefficient_break,5,0.05,0.0,0.05,0.05,0.05,0.0,0.0,0.0,0.0,0.0,1.0,0.0,1.0,1.0,1.0,1.0,0.0,1.0,1.0,1.0,1.0,0.0,1.0,1.0,1.0,1.0,0.0,1.0,1.0,1.0,0.9868669883556516,0.029366306786059494,1.0,0.947467953422606,1.0,0.9788271188195484,0.04734400159901586,1.0,0.9153084752781935,1.0,0.9966666666666667,0.007453559924999322,1.0,0.9866666666666666,1.0,0.0033333333333333435,0.007453559924999322,0.0,0.0,0.013333333333333372,0.09857301910482888,0.01844781330145456,0.09174046334345934,0.08038809572293565,0.11967600170533116,0.0520829527904446,0.018634664182989997,0.05954390159996341,0.029382435206523908,0.06843692573413504,0.3132100795958917,0.0367688292396393,0.3234418504040055,0.27112031880791326,0.3534860220772407,0.26079994305477794,0.03601235449805097,0.27626627093054973,0.22184916206115676,0.29872767796898714,0.2591231599713725,0.03359816485550154,0.27626627093054973,0.22184916206115676,0.2920205456353655,0.9734849428735,0.05928947016214409,1.0,0.8939397714940003,1.0,0.0,0.0,0.0,0.0,0.0,0.501727362597012,0.16921180218353088,0.5812227360001998,0.3088926115917275,0.6613323454017518,0.8,0.44721359549995804,1.0,0.2,1.0,0.8,0.44721359549995804,1.0,0.2,1.0,0.8,0.44721359549995804,1.0,0.2,1.0,0.2,0.44721359549995804,0.0,0.0,0.7999999999999998,0.0,0.0,0.0,0.0,0.0,0.8,0.44721359549995804,1.0,0.2,1.0,0.0,0.0,0.0,0.0,0.0,0.0,0.0,0.0,0.0,0.0,0.0,0.0,0.0,0.0,0.0,0.0,0.0,0.0,0.0,0.0,1.0,0.0,1.0,1.0,1.0,0.8,0.44721359549995804,1.0,0.2,1.0,0.8,0.44721359549995804,1.0,0.2,1.0,0.8,0.44721359549995804,1.0,0.2,1.0,0.2,0.44721359549995804,0.0,0.0,0.7999999999999998,0.0,0.0,0.0,0.0,0.0,0.8,0.44721359549995804,1.0,0.2,1.0,0.0,0.0,0.0,0.0,0.0,0.0,0.0,0.0,0.0,0.0,0.0,0.0,0.0,0.0,0.0,0.0,0.0,0.0,0.0,0.0,1.0,0.0,1.0,1.0,1.0,1.0,0.0,1.0,1.0,1.0,1.0,0.0,1.0,1.0,1.0,1.0,0.0,1.0,1.0,1.0,1.0,0.0,1.0,1.0,1.0,1.0,2.0,0.0,0.0,3.3999999999999986,1.0,0.0,1.0,1.0,1.0,0.8,0.44721359549995804,1.0,0.2,1.0,0.8,0.44721359549995804,1.0,0.2,1.0,0.8,0.44721359549995804,1.0,0.2,1.0,0.2,0.44721359549995804,0.0,0.0,0.7999999999999998,0.0,0.0,0.0,0.0,0.0,0.8,0.44721359549995804,1.0,0.2,1.0,0.0,0.0,0.0,0.0,0.0,0.0,0.0,0.0,0.0,0.0,0.0,0.0,0.0,0.0,0.0,0.0,0.0,0.0,0.0,0.0,1.0,0.0,1.0,1.0,1.0,1.0,0.0,1.0,1.0,1.0,1.0,0.0,1.0,1.0,1.0,1.0,0.0,1.0,1.0,1.0,0.0,0.0,0.0,0.0,0.0,0.0,0.0,0.0,0.0,0.0,0.8,0.44721359549995804,1.0,0.2,1.0,2.0,4.47213595499958,0.0,0.0,7.999999999999998,2.0,4.47213595499958,0.0,0.0,7.999999999999998,2.0,4.47213595499958,0.0,0.0,7.999999999999998,0.003333333333333333,0.007453559924999298,0.0,0.0,0.01333333333333333,1.0,0.0,1.0,1.0,1.0,1.0,0.0,1.0,1.0,1.0,1.0,0.0,1.0,1.0,1.0,1.0,0.0,1.0,1.0,1.0,0.0,0.0,0.0,0.0,0.0,0.0,0.0,0.0,0.0,0.0,0.8,0.44721359549995804,1.0,0.2,1.0,2.0,4.47213595499958,0.0,0.0,7.999999999999998,2.0,4.47213595499958,0.0,0.0,7.999999999999998,2.0,4.47213595499958,0.0,0.0,7.999999999999998,0.003333333333333333,0.007453559924999298,0.0,0.0,0.01333333333333333,1.0,0.0,1.0,1.0,1.0
temporal_split_detection,strong_temporal_dependence,5,0.05,0.0,0.05,0.05,0.05,0.0,0.0,0.0,0.0,0.0,1.0,0.0,1.0,1.0,1.0,1.0,0.0,1.0,1.0,1.0,1.0,0.0,1.0,1.0,1.0,1.0,0.0,1.0,1.0,1.0,0.9738453095572774,0.042467568082620664,1.0,0.915247728443486,1.0,0.9589034457820386,0.06346193320716846,1.0,0.8723650595019502,1.0,0.9933333333333334,0.010865337342004422,1.0,0.9783333333333333,1.0,0.006666666666666665,0.010865337342004424,0.0,0.0,0.021666666666666674,0.1641214638332165,0.013821462530701165,0.15687767384015947,0.15287824644958115,0.18260010262077786,0.09775104230869579,0.02942934633532846,0.10765650435895471,0.06496455296483891,0.12752014690316,0.3839959780810565,0.0727100899102391,0.40667399341941324,0.30539535929914896,0.4661026116040005,0.3264815062766725,0.06135012761709346,0.3460967570237643,0.2566154405702609,0.3950062963605426,0.32449125394351425,0.060701207792598605,0.3364219257856415,0.2566154405702609,0.3949510102750089,0.9715909323569409,0.06113316342080762,1.0,0.8889613537780588,1.0,0.0,0.0,0.0,0.0,0.0,0.23384362580254675,0.019459114050258543,0.22736534800787922,0.21928596520156135,0.26037449480209035,0.8,0.44721359549995804,1.0,0.2,1.0,0.8,0.44721359549995804,1.0,0.2,1.0,0.8,0.44721359549995804,1.0,0.2,1.0,0.2,0.44721359549995804,0.0,0.0,0.7999999999999998,0.0,0.0,0.0,0.0,0.0,0.6,0.5477225575051662,1.0,0.0,1.0,1.25,2.5,0.0,0.0,4.249999999999998,1.25,2.5,0.0,0.0,4.249999999999998,1.25,2.5,0.0,0.0,4.249999999999998,0.0020833333333333333,0.0041666666666666675,0.0,0.0,0.00708333333333333,1.0,0.0,1.0,1.0,1.0,0.8,0.44721359549995804,1.0,0.2,1.0,0.8,0.44721359549995804,1.0,0.2,1.0,0.8,0.44721359549995804,1.0,0.2,1.0,0.2,0.44721359549995804,0.0,0.0,0.7999999999999998,0.0,0.0,0.0,0.0,0.0,0.6,0.5477225575051662,1.0,0.0,1.0,1.25,2.5,0.0,0.0,4.249999999999998,1.25,2.5,0.0,0.0,4.249999999999998,1.25,2.5,0.0,0.0,4.249999999999998,0.0020833333333333333,0.0041666666666666675,0.0,0.0,0.00708333333333333,1.0,0.0,1.0,1.0,1.0,0.9,0.17320508075688773,1.0,0.66,1.0,1.0,0.0,1.0,1.0,1.0,1.0,0.0,1.0,1.0,1.0,0.96,0.08944271909999157,1.0,0.8400000000000001,1.0,2.0,4.0,0.0,0.0,6.799999999999997,0.75,0.5,1.0,0.15000000000000002,1.0,0.6,0.5477225575051662,1.0,0.0,1.0,0.6,0.5477225575051662,1.0,0.0,1.0,0.6,0.5477225575051662,1.0,0.0,1.0,0.4,0.5477225575051662,0.0,0.0,1.0,0.0,0.0,0.0,0.0,0.0,0.6,0.5477225575051662,1.0,0.0,1.0,0.0,0.0,0.0,0.0,0.0,0.0,0.0,0.0,0.0,0.0,0.0,0.0,0.0,0.0,0.0,0.0,0.0,0.0,0.0,0.0,1.0,0.0,1.0,1.0,1.0,0.8,0.44721359549995804,1.0,0.2,1.0,0.8,0.44721359549995804,1.0,0.2,1.0,0.8,0.44721359549995804,1.0,0.2,1.0,0.2,0.44721359549995804,0.0,0.0,0.7999999999999998,0.0,0.0,0.0,0.0,0.0,0.6,0.5477225575051662,1.0,0.0,1.0,1.25,2.5,0.0,0.0,4.249999999999998,1.25,2.5,0.0,0.0,4.249999999999998,1.25,2.5,0.0,0.0,4.249999999999998,0.0020833333333333333,0.0041666666666666675,0.0,0.0,0.00708333333333333,1.0,0.0,1.0,1.0,1.0,1.0,0.0,1.0,1.0,1.0,1.0,0.0,1.0,1.0,1.0,1.0,0.0,1.0,1.0,1.0,0.0,0.0,0.0,0.0,0.0,0.0,0.0,0.0,0.0,0.0,0.6,0.5477225575051662,1.0,0.0,1.0,4.0,6.519202405202649,0.0,0.0,12.999999999999998,4.0,6.519202405202649,0.0,0.0,12.999999999999998,4.0,6.519202405202649,0.0,0.0,12.999999999999998,0.006666666666666666,0.010865337342004415,0.0,0.0,0.021666666666666664,1.0,0.0,1.0,1.0,1.0
temporal_split_detection,variance_only_break,5,0.17,0.18907670401189036,0.1,0.05,0.42999999999999994,0.0,0.0,0.0,0.0,0.0,1.0,0.0,1.0,1.0,1.0,0.0,0.0,0.0,0.0,0.0,0.0,0.0,0.0,0.0,0.0,0.0,0.0,0.0,0.0,0.0,0.0,0.0,0.0,0.0,0.0,0.0,0.0,0.0,0.0,0.0,0.5,0.0,0.5,0.5,0.5,0.5,0.0,0.5,0.5,0.5,0.12198145556691534,0.027279454211609516,0.11419687538756648,0.09386358857549731,0.15615097264830938,0.049426468100810576,0.01881283003327358,0.052397652954737986,0.029599069628009535,0.07218025324160496,0.5121237732475306,0.03862295748952203,0.4963226799658398,0.47487798785427904,0.5613635448676298,0.5121237732475306,0.03862295748952203,0.4963226799658398,0.47487798785427904,0.5613635448676298,0.5206842301756112,0.040719585280250103,0.5042092583561147,0.48252041311569804,0.5738893328343133,0.0,0.0,0.0,0.0,-0.0,0.0,0.0,0.0,0.0,0.0,0.4823721041990211,0.07980286845455548,0.4893074669962516,0.3850133806030499,0.560439597198274,0.0,0.0,0.0,0.0,0.0,0.0,0.0,0.0,0.0,0.0,0.0,0.0,0.0,0.0,0.0,0.0,0.0,0.0,0.0,0.0,1.0,0.0,1.0,1.0,1.0,0.0,0.0,0.0,0.0,0.0,,0.0,,,,,0.0,,,,,0.0,,,,,0.0,,,,0.0,0.0,0.0,0.0,0.0,1.0,0.0,1.0,1.0,1.0,1.0,0.0,1.0,1.0,1.0,1.0,0.0,1.0,1.0,1.0,0.0,0.0,0.0,0.0,0.0,0.0,0.0,0.0,0.0,0.0,1.0,0.0,1.0,1.0,1.0,,0.0,,,,,0.0,,,,,0.0,,,,,0.0,,,,0.0,0.0,0.0,0.0,0.0,1.0,0.0,1.0,1.0,1.0,0.0,0.0,0.0,0.0,0.0,0.0,0.0,0.0,0.0,0.0,,0.0,,,,,0.0,,,,,0.0,,,,1.0,0.0,1.0,1.0,1.0,1.0,0.0,1.0,1.0,1.0,1.0,0.0,1.0,1.0,1.0,0.0,0.0,0.0,0.0,0.0,0.0,0.0,0.0,0.0,0.0,1.0,0.0,1.0,1.0,1.0,,0.0,,,,,0.0,,,,,0.0,,,,,0.0,,,,0.0,0.0,0.0,0.0,0.0,1.0,0.0,1.0,1.0,1.0,1.0,0.0,1.0,1.0,1.0,1.0,0.0,1.0,1.0,1.0,0.0,0.0,0.0,0.0,0.0,0.0,0.0,0.0,0.0,0.0,1.0,0.0,1.0,1.0,1.0,,0.0,,,,,0.0,,,,,0.0,,,,,0.0,,,,0.0,0.0,0.0,0.0,0.0,1.0,0.0,1.0,1.0,1.0,1.0,0.0,1.0,1.0,1.0,1.0,0.0,1.0,1.0,1.0,0.0,0.0,0.0,0.0,0.0,0.0,0.0,0.0,0.0,0.0,1.0,0.0,1.0,1.0,1.0,,0.0,,,,,0.0,,,,,0.0,,,,,0.0,,,,0.0,0.0,0.0,0.0,0.0
temporal_split_detection,weak_coefficient_break,5,0.08,0.027386127875258306,0.1,0.05,0.1,0.0,0.0,0.0,0.0,0.0,1.0,0.0,1.0,1.0,1.0,1.0,0.0,1.0,1.0,1.0,0.0,0.0,0.0,0.0,0.0,0.0,0.0,0.0,0.0,0.0,0.0,0.0,0.0,0.0,0.0,0.0,0.0,0.0,0.0,0.0,0.5,0.0,0.5,0.5,0.5,0.5,0.0,0.5,0.5,0.5,0.1138179829787688,0.013829637280298965,0.1126276637991464,0.09799021426870375,0.1300863568395821,0.03931035397962922,0.014639761480369124,0.032152307026411725,0.027458371448398137,0.05894102253328517,0.2941078469451996,0.03798432271158567,0.2850238989738838,0.24959752221251102,0.33385815262505336,0.2941078469451996,0.03798432271158567,0.2850238989738838,0.24959752221251102,0.33385815262505336,0.2925767969031275,0.03761041510652672,0.285609598428221,0.24770704308090716,0.33130841601883815,0.0,0.0,0.0,0.0,0.0,0.0,0.0,0.0,0.0,0.0,0.24701356940495317,0.028238383036602737,0.23434357400401495,0.21891832720430102,0.2804987316107145,0.0,0.0,0.0,0.0,0.0,0.0,0.0,0.0,0.0,0.0,0.0,0.0,0.0,0.0,0.0,0.0,0.0,0.0,0.0,0.0,1.0,0.0,1.0,1.0,1.0,0.0,0.0,0.0,0.0,0.0,,0.0,,,,,0.0,,,,,0.0,,,,,0.0,,,,0.0,0.0,0.0,0.0,0.0,0.0,0.0,0.0,0.0,0.0,0.0,0.0,0.0,0.0,0.0,0.0,0.0,0.0,0.0,0.0,0.0,0.0,0.0,0.0,0.0,1.0,0.0,1.0,1.0,1.0,0.0,0.0,0.0,0.0,0.0,,0.0,,,,,0.0,,,,,0.0,,,,,0.0,,,,0.0,0.0,0.0,0.0,0.0,1.0,0.0,1.0,1.0,1.0,0.0,0.0,0.0,0.0,0.0,0.0,0.0,0.0,0.0,0.0,,0.0,,,,,0.0,,,,,0.0,,,,0.0,0.0,0.0,0.0,0.0,0.0,0.0,0.0,0.0,0.0,0.0,0.0,0.0,0.0,0.0,0.0,0.0,0.0,0.0,0.0,1.0,0.0,1.0,1.0,1.0,0.0,0.0,0.0,0.0,0.0,,0.0,,,,,0.0,,,,,0.0,,,,,0.0,,,,0.0,0.0,0.0,0.0,0.0,0.0,0.0,0.0,0.0,0.0,0.0,0.0,0.0,0.0,0.0,0.0,0.0,0.0,0.0,0.0,0.0,0.0,0.0,0.0,0.0,1.0,0.0,1.0,1.0,1.0,0.0,0.0,0.0,0.0,0.0,,0.0,,,,,0.0,,,,,0.0,,,,,0.0,,,,0.0,0.0,0.0,0.0,0.0,0.0,0.0,0.0,0.0,0.0,0.0,0.0,0.0,0.0,0.0,0.0,0.0,0.0,0.0,0.0,0.0,0.0,0.0,0.0,0.0,1.0,0.0,1.0,1.0,1.0,0.0,0.0,0.0,0.0,0.0,,0.0,,,,,0.0,,,,,0.0,,,,,0.0,,,,0.0,0.0,0.0,0.0,0.0
