method,scenario,seed,status,K_true_relevant,K_selected,node_count_error,node_support_precision,node_support_recall,node_support_f1,group_ari,mean_score_correlation,measurement_reliability_level_B,heldout_nll_level_A,heldout_nll_level_B,heldout_nll_level_C,bootstrap_edge_jaccard,runtime_seconds,level_A_precision,level_A_recall,level_A_f1,level_A_fdr,level_A_fnr,level_A_specificity,level_A_tp,level_A_fp,level_A_fn,level_A_tn,level_A_mcc,level_A_shd,level_A_normalized_shd,level_A_auprc,level_A_partial_corr_rmse,level_A_exact_graph,level_A_any_false_edge,level_A_n_false_edges,level_A_edge_rmse,level_A_nonedge_rmse,level_A_detected_edge_sign_accuracy,level_B_precision,level_B_recall,level_B_f1,level_B_fdr,level_B_fnr,level_B_specificity,level_B_tp,level_B_fp,level_B_fn,level_B_tn,level_B_mcc,level_B_shd,level_B_normalized_shd,level_B_auprc,level_B_partial_corr_rmse,level_B_exact_graph,level_B_any_false_edge,level_B_n_false_edges,level_B_edge_rmse,level_B_nonedge_rmse,level_B_detected_edge_sign_accuracy,level_C_precision,level_C_recall,level_C_f1,level_C_fdr,level_C_fnr,level_C_specificity,level_C_tp,level_C_fp,level_C_fn,level_C_tn,level_C_mcc,level_C_shd,level_C_normalized_shd,level_C_auprc,level_C_partial_corr_rmse,level_C_exact_graph,level_C_any_false_edge,level_C_n_false_edges,level_C_edge_rmse,level_C_nonedge_rmse,level_C_detected_edge_sign_accuracy,degree_correlation,connected_component_count_error,spurious_bridges,lag_edge_precision,lag_edge_recall,lag_edge_f1
latent_variable_determination2,empty_graph,0,ok,6.0,6.0,0.0,1.0,0.9722222222222222,0.9859154929577464,0.9004739336492891,0.9658863883112191,0.9364455263990764,5.882908786751419,5.986456612335889,5.9819871754181655,0.6,0.15612200599571224,1.0,1.0,1.0,0.0,0.0,1.0,0.0,0.0,0.0,15.0,1.0,0.0,0.0,1.0,0.008696710177576924,1.0,0.0,0.0,,0.008696710177576924,,1.0,1.0,1.0,0.0,0.0,1.0,0.0,0.0,0.0,15.0,1.0,0.0,0.0,1.0,0.0,1.0,0.0,0.0,,0.0,,1.0,1.0,1.0,0.0,0.0,1.0,0.0,0.0,0.0,15.0,1.0,0.0,0.0,1.0,0.007948313968592677,1.0,0.0,0.0,,0.007948313968592677,,,0.0,0.0,,,
latent_variable_determination2,empty_graph,1,ok,6.0,6.0,0.0,1.0,0.9722222222222222,0.9859154929577464,0.8356807511737089,0.9651816368735974,0.9370555833978015,5.957365064181269,5.890561298947268,5.883147040366353,0.175,0.14619839801162016,1.0,1.0,1.0,0.0,0.0,1.0,0.0,0.0,0.0,15.0,1.0,0.0,0.0,1.0,0.0319575963013475,1.0,0.0,0.0,,0.0319575963013475,,1.0,1.0,1.0,0.0,0.0,1.0,0.0,0.0,0.0,15.0,1.0,0.0,0.0,1.0,0.02969735056086265,1.0,0.0,0.0,,0.02969735056086265,,1.0,1.0,1.0,0.0,0.0,1.0,0.0,0.0,0.0,15.0,1.0,0.0,0.0,1.0,0.030742839264361038,1.0,0.0,0.0,,0.030742839264361038,,,0.0,0.0,,,
latent_variable_determination2,empty_graph,2,ok,6.0,6.0,0.0,1.0,1.0,1.0,0.7963636363636364,0.9591374494387429,0.936047980942282,5.963525171450375,5.888615867721056,5.867793194705174,1.0,0.44405326299602166,1.0,1.0,1.0,0.0,0.0,1.0,0.0,0.0,0.0,15.0,1.0,0.0,0.0,1.0,0.0,1.0,0.0,0.0,,0.0,,1.0,1.0,1.0,0.0,0.0,1.0,0.0,0.0,0.0,15.0,1.0,0.0,0.0,1.0,0.0,1.0,0.0,0.0,,0.0,,0.0,1.0,0.0,1.0,0.0,0.9333333333333333,0.0,1.0,0.0,14.0,0.9333333333333333,1.0,0.06666666666666667,0.9333333333333333,0.0350049932195225,0.0,1.0,1.0,,0.0350049932195225,,,1.0,1.0,,,
latent_variable_determination2,empty_graph,3,ok,6.0,6.0,0.0,1.0,0.9444444444444444,0.9714285714285714,0.9461538461538461,0.9671673758449454,0.9398897259801048,6.24093084457963,6.165390930643124,6.162924980841553,1.0,0.15733338799327612,1.0,1.0,1.0,0.0,0.0,1.0,0.0,0.0,0.0,15.0,1.0,0.0,0.0,1.0,0.013304824842608783,1.0,0.0,0.0,,0.013304824842608783,,1.0,1.0,1.0,0.0,0.0,1.0,0.0,0.0,0.0,15.0,1.0,0.0,0.0,1.0,0.0,1.0,0.0,0.0,,0.0,,1.0,1.0,1.0,0.0,0.0,1.0,0.0,0.0,0.0,15.0,1.0,0.0,0.0,1.0,0.0,1.0,0.0,0.0,,0.0,,,0.0,0.0,,,
latent_variable_determination2,empty_graph,4,ok,6.0,6.0,0.0,1.0,1.0,1.0,0.7559633027522936,0.9602103739573132,0.9330382755759388,6.34708755316529,6.26917916126327,6.270988544432077,0.3,0.15083251299802214,1.0,1.0,1.0,0.0,0.0,1.0,0.0,0.0,0.0,15.0,1.0,0.0,0.0,1.0,0.0,1.0,0.0,0.0,,0.0,,1.0,1.0,1.0,0.0,0.0,1.0,0.0,0.0,0.0,15.0,1.0,0.0,0.0,1.0,0.0023866559185394256,1.0,0.0,0.0,,0.0023866559185394256,,1.0,1.0,1.0,0.0,0.0,1.0,0.0,0.0,0.0,15.0,1.0,0.0,0.0,1.0,0.006002332112577162,1.0,0.0,0.0,,0.006002332112577162,,,0.0,0.0,,,
latent_variable_determination2,chain,0,ok,6.0,6.0,0.0,1.0,0.9444444444444444,0.9714285714285714,0.781042654028436,0.9591905970385656,0.9342045044429607,5.472843081179464,5.513173170253277,5.373275603460987,0.9333333333333333,0.3106968039937783,1.0,1.0,1.0,0.0,0.0,1.0,5.0,0.0,0.0,10.0,1.0,0.0,0.0,1.0,0.024126719176877708,1.0,0.0,0.0,0.03476600228722902,0.016395438690137893,1.0,1.0,1.0,1.0,0.0,0.0,1.0,5.0,0.0,0.0,10.0,1.0,0.0,0.0,1.0,0.029765015398338333,1.0,0.0,0.0,0.05065702623988353,0.006772522333728606,1.0,1.0,1.0,1.0,0.0,0.0,1.0,5.0,0.0,0.0,10.0,1.0,0.0,0.0,1.0,0.030333982219052383,1.0,0.0,0.0,0.05156215092880929,0.007134284245530506,1.0,1.0,0.0,0.0,,,
latent_variable_determination2,chain,1,ok,6.0,6.0,0.0,1.0,0.9722222222222222,0.9859154929577464,0.966824644549763,0.9676794478732416,0.9377772649891907,5.5695871489152715,5.519070805463652,5.523122535599062,0.8267857142857142,0.39533434799523093,1.0,1.0,1.0,0.0,0.0,1.0,5.0,0.0,0.0,10.0,1.0,0.0,0.0,1.0,0.029865371943005817,1.0,0.0,0.0,0.03032988691804042,0.0296303837590835,1.0,1.0,1.0,1.0,0.0,0.0,1.0,5.0,0.0,0.0,10.0,1.0,0.0,0.0,1.0,0.027661333894266674,1.0,0.0,0.0,0.04168521629309678,0.01670016348764372,1.0,1.0,1.0,1.0,0.0,0.0,1.0,5.0,0.0,0.0,10.0,1.0,0.0,0.0,1.0,0.027468800856999414,1.0,0.0,0.0,0.041754311945252184,0.016127344721668324,1.0,1.0,0.0,0.0,,,
latent_variable_determination2,chain,2,ok,6.0,6.0,0.0,1.0,1.0,1.0,1.0,0.9668675385177109,0.9348552238661755,5.6909277146828865,5.848986793313097,5.848986793313097,0.9199999999999999,0.33476024799165316,1.0,1.0,1.0,0.0,0.0,1.0,5.0,0.0,0.0,10.0,1.0,0.0,0.0,1.0,0.052038182724956895,1.0,0.0,0.0,0.09013277641317839,0.0,1.0,1.0,1.0,1.0,0.0,0.0,1.0,5.0,0.0,0.0,10.0,1.0,0.0,0.0,1.0,0.05847038385490798,1.0,0.0,0.0,0.10127367557475561,0.0,1.0,1.0,1.0,1.0,0.0,0.0,1.0,5.0,0.0,0.0,10.0,1.0,0.0,0.0,1.0,0.05847038385490798,1.0,0.0,0.0,0.10127367557475561,0.0,1.0,1.0,0.0,0.0,,,
latent_variable_determination2,chain,3,ok,6.0,6.0,0.0,1.0,0.9722222222222222,0.9859154929577464,0.966824644549763,0.9686668609893322,0.9396618391867907,5.882547226165831,6.039238718255628,6.0381805631413545,0.9,0.1760389179980848,1.0,1.0,1.0,0.0,0.0,1.0,5.0,0.0,0.0,10.0,1.0,0.0,0.0,1.0,0.028332078539144746,1.0,0.0,0.0,0.043809501813786234,0.015634058556124507,1.0,1.0,1.0,1.0,0.0,0.0,1.0,5.0,0.0,0.0,10.0,1.0,0.0,0.0,1.0,0.03206402994894112,1.0,0.0,0.0,0.050068603478453766,0.016991777355785168,1.0,1.0,1.0,1.0,0.0,0.0,1.0,5.0,0.0,0.0,10.0,1.0,0.0,0.0,1.0,0.03290159998572641,1.0,0.0,0.0,0.05166780086766621,0.016999767621374225,1.0,1.0,0.0,0.0,,,
latent_variable_determination2,chain,4,ok,6.0,6.0,0.0,1.0,1.0,1.0,0.8703703703703703,0.9629211965886384,0.9328964990606198,5.9918819860008705,6.054508217659245,6.030044084505655,0.9000000000000001,0.33103510399814695,0.8333333333333334,1.0,0.9090909090909091,0.16666666666666666,0.0,0.9,5.0,1.0,0.0,9.0,0.8660254037844386,1.0,0.06666666666666667,1.0,0.031981720387331776,0.0,1.0,1.0,0.02847026919189762,0.03360011226872095,1.0,0.8333333333333334,1.0,0.9090909090909091,0.16666666666666666,0.0,0.9,5.0,1.0,0.0,9.0,0.8660254037844386,1.0,0.06666666666666667,1.0,0.0432557781843817,0.0,1.0,1.0,0.04936295297557262,0.03985276598017196,1.0,0.8333333333333334,1.0,0.9090909090909091,0.16666666666666666,0.0,0.9,5.0,1.0,0.0,9.0,0.8660254037844386,1.0,0.06666666666666667,1.0,0.037891339480055894,0.0,1.0,1.0,0.030816143796293646,0.040973321224332546,1.0,0.6123724356957946,0.0,0.0,,,
latent_variable_determination2,hub,0,ok,6.0,6.0,0.0,1.0,0.9722222222222222,0.9859154929577464,0.7699530516431925,0.9020441020584976,0.9342411363941968,5.606319511207557,5.665851230132606,4.9013381706780565,0.8142857142857143,0.17521095200208947,1.0,1.0,1.0,0.0,0.0,1.0,5.0,0.0,0.0,10.0,1.0,0.0,0.0,1.0,0.028970739681661715,1.0,0.0,0.0,0.037017327605903295,0.02395442266080583,1.0,1.0,1.0,1.0,0.0,0.0,1.0,5.0,0.0,0.0,10.0,1.0,0.0,0.0,1.0,0.02879128134498933,1.0,0.0,0.0,0.034671862761940675,0.025344383767179506,1.0,0.8,0.8,0.8000000000000002,0.2,0.2,0.9,4.0,1.0,1.0,9.0,0.7,2.0,0.13333333333333333,0.71,0.18524168352575665,0.0,1.0,1.0,0.08365977856672456,0.21902566675681687,1.0,0.9438798074485389,0.0,0.0,,,
latent_variable_determination2,hub,1,ok,6.0,6.0,0.0,1.0,0.9722222222222222,0.9859154929577464,0.966824644549763,0.9662162217072204,0.9362726721786746,5.7150887667156285,5.729050861216856,5.747847491668602,0.8114285714285714,0.1734900320007,1.0,1.0,1.0,0.0,0.0,1.0,5.0,0.0,0.0,10.0,1.0,0.0,0.0,1.0,0.03908500521341938,1.0,0.0,0.0,0.04550112023309247,0.03544404713864321,1.0,1.0,1.0,1.0,0.0,0.0,1.0,5.0,0.0,0.0,10.0,1.0,0.0,0.0,1.0,0.04230862842883315,1.0,0.0,0.0,0.07059192587507922,0.01390755405947657,1.0,1.0,1.0,1.0,0.0,0.0,1.0,5.0,0.0,0.0,10.0,1.0,0.0,0.0,1.0,0.042312553829324126,1.0,0.0,0.0,0.07059898380522635,0.013907554068702059,1.0,1.0,0.0,0.0,,,
latent_variable_determination2,hub,2,ok,6.0,6.0,0.0,1.0,0.9722222222222222,0.9859154929577464,0.966824644549763,0.9661421878029136,0.935895564114507,5.788731109693845,5.7979268448402985,5.79108230267212,0.8133333333333332,0.18618000599963125,1.0,1.0,1.0,0.0,0.0,1.0,5.0,0.0,0.0,10.0,1.0,0.0,0.0,1.0,0.04473009263759001,1.0,0.0,0.0,0.07341410417386526,0.01750304074226833,1.0,1.0,0.8,0.888888888888889,0.0,0.2,1.0,4.0,0.0,1.0,10.0,0.8528028654224417,1.0,0.06666666666666667,1.0,0.05301925889673952,0.0,0.0,0.0,0.08857950920328109,0.017128864398790796,1.0,1.0,0.8,0.888888888888889,0.0,0.2,1.0,4.0,0.0,1.0,10.0,0.8528028654224417,1.0,0.06666666666666667,1.0,0.05357706246215541,0.0,0.0,0.0,0.08941988301143632,0.01754407860849568,1.0,0.9561828874675147,1.0,0.0,,,
latent_variable_determination2,hub,3,ok,6.0,6.0,0.0,1.0,0.9444444444444444,0.9714285714285714,0.8579710144927536,0.9671826281382074,0.9401804233157235,5.939266171481693,5.939998878439198,5.933328461672575,0.6605952380952381,0.21210733699263074,1.0,1.0,1.0,0.0,0.0,1.0,5.0,0.0,0.0,10.0,1.0,0.0,0.0,1.0,0.025102548874804998,1.0,0.0,0.0,0.03699951526065426,0.016146977279239194,1.0,1.0,1.0,1.0,0.0,0.0,1.0,5.0,0.0,0.0,10.0,1.0,0.0,0.0,1.0,0.035281183769671036,1.0,0.0,0.0,0.05335422520301674,0.02106670877894396,1.0,1.0,1.0,1.0,0.0,0.0,1.0,5.0,0.0,0.0,10.0,1.0,0.0,0.0,1.0,0.03872457352628444,1.0,0.0,0.0,0.05458373346382621,0.027562599891227668,1.0,1.0,0.0,0.0,,,
latent_variable_determination2,hub,4,ok,6.0,6.0,0.0,1.0,0.9444444444444444,0.9714285714285714,0.7768115942028986,0.834689004043999,0.9329595008510719,6.153215114807189,5.983326192609148,5.069628213843279,0.8400000000000001,0.18467537000833545,1.0,1.0,1.0,0.0,0.0,1.0,5.0,0.0,0.0,10.0,1.0,0.0,0.0,1.0,0.03844507565550926,1.0,0.0,0.0,0.05176126017818083,0.02962130543409729,1.0,1.0,1.0,1.0,0.0,0.0,1.0,5.0,0.0,0.0,10.0,1.0,0.0,0.0,1.0,0.04774164951242196,1.0,0.0,0.0,0.07211083843532705,0.028616623443856716,1.0,0.8,0.8,0.8000000000000002,0.2,0.2,0.9,4.0,1.0,1.0,9.0,0.7,2.0,0.13333333333333333,0.6433333333333333,0.21687996698656023,0.0,1.0,1.0,0.12189692764878708,0.2512487803652594,1.0,0.9438798074485389,0.0,0.0,,,
latent_variable_determination2,disconnected_graph,0,ok,6.0,6.0,0.0,1.0,1.0,1.0,0.7925925925925926,0.9531976784435443,0.9355530699055293,5.490273538150735,5.563814065317971,5.037188614149801,0.7971428571428572,0.18292643100721762,1.0,1.0,1.0,0.0,0.0,1.0,4.0,0.0,0.0,11.0,1.0,0.0,0.0,1.0,0.021663074582354037,1.0,0.0,0.0,0.022739484456486627,0.021258143663124226,1.0,1.0,1.0,1.0,0.0,0.0,1.0,4.0,0.0,0.0,11.0,1.0,0.0,0.0,1.0,0.022864598094446114,1.0,0.0,0.0,0.025487660452019452,0.021832761764747632,1.0,1.0,1.0,1.0,0.0,0.0,1.0,4.0,0.0,0.0,11.0,1.0,0.0,0.0,1.0,0.09632539935863095,1.0,0.0,0.0,0.18380573757660829,0.019165645779675892,1.0,1.0,0.0,0.0,,,
latent_variable_determination2,disconnected_graph,1,ok,6.0,6.0,0.0,1.0,1.0,1.0,1.0,0.9680048758552998,0.9370827035592981,5.597960783699213,5.634865659600239,5.634865659600239,1.0,0.1910322269977769,1.0,1.0,1.0,0.0,0.0,1.0,4.0,0.0,0.0,11.0,1.0,0.0,0.0,1.0,0.027855386350463685,1.0,0.0,0.0,0.05204161362116248,0.008557399975919405,1.0,1.0,1.0,1.0,0.0,0.0,1.0,4.0,0.0,0.0,11.0,1.0,0.0,0.0,1.0,0.035994810990484835,1.0,0.0,0.0,0.06952278561408251,0.0030260294333153692,1.0,1.0,1.0,1.0,0.0,0.0,1.0,4.0,0.0,0.0,11.0,1.0,0.0,0.0,1.0,0.035994810990484835,1.0,0.0,0.0,0.06952278561408251,0.0030260294333153692,1.0,1.0,0.0,0.0,,,
latent_variable_determination2,disconnected_graph,2,ok,6.0,6.0,0.0,1.0,1.0,1.0,0.6967741935483871,0.95875094508009,0.9331186742274774,5.72471678854457,5.794491447453272,5.618321783273232,0.9200000000000002,0.16967142299108673,1.0,1.0,1.0,0.0,0.0,1.0,4.0,0.0,0.0,11.0,1.0,0.0,0.0,1.0,0.043652826679549304,1.0,0.0,0.0,0.0718089865619309,0.026896125020860407,1.0,1.0,1.0,1.0,0.0,0.0,1.0,4.0,0.0,0.0,11.0,1.0,0.0,0.0,1.0,0.07009698217806462,1.0,0.0,0.0,0.1356981776461079,0.0020850548538683773,1.0,1.0,1.0,1.0,0.0,0.0,1.0,4.0,0.0,0.0,11.0,1.0,0.0,0.0,1.0,0.038544380920625905,1.0,0.0,0.0,0.06261969229769938,0.02449514989929909,1.0,1.0,0.0,0.0,,,
latent_variable_determination2,disconnected_graph,3,ok,6.0,6.0,0.0,1.0,0.9444444444444444,0.9714285714285714,0.5244019138755981,0.8559126164022111,0.9376423029849353,5.9127033010158785,6.072054288810045,4.026579129980691,0.6964285714285714,0.3120729970105458,1.0,1.0,1.0,0.0,0.0,1.0,4.0,0.0,0.0,11.0,1.0,0.0,0.0,1.0,0.03862801809519382,1.0,0.0,0.0,0.06661222643805212,0.020522940346889847,1.0,1.0,1.0,1.0,0.0,0.0,1.0,4.0,0.0,0.0,11.0,1.0,0.0,0.0,1.0,0.044310523623794826,1.0,0.0,0.0,0.07932695033878383,0.019726026547813993,1.0,0.6,0.75,0.6666666666666665,0.4,0.25,0.8181818181818182,3.0,2.0,1.0,9.0,0.533001790889026,3.0,0.2,0.7708333333333333,0.22920764074914826,0.0,1.0,2.0,0.29667925448789323,0.199081485941833,1.0,0.31622776601683783,0.0,2.0,,,
latent_variable_determination2,disconnected_graph,4,ok,6.0,6.0,0.0,1.0,1.0,1.0,1.0,0.9627203491046243,0.9268563707261054,6.053477816041013,6.149310771959903,6.149310771959903,0.9200000000000002,0.17970296800194774,1.0,1.0,1.0,0.0,0.0,1.0,4.0,0.0,0.0,11.0,1.0,0.0,0.0,1.0,0.03296035885769253,1.0,0.0,0.0,0.0351481798359479,0.032127870451592655,1.0,1.0,1.0,1.0,0.0,0.0,1.0,4.0,0.0,0.0,11.0,1.0,0.0,0.0,1.0,0.0454415529904703,1.0,0.0,0.0,0.0870013648184979,0.007960534196672689,1.0,1.0,1.0,1.0,0.0,0.0,1.0,4.0,0.0,0.0,11.0,1.0,0.0,0.0,1.0,0.0454415529904703,1.0,0.0,0.0,0.0870013648184979,0.007960534196672689,1.0,1.0,0.0,0.0,,,
latent_variable_determination2,weak_edges,0,ok,6.0,6.0,0.0,1.0,0.9722222222222222,0.9859154929577464,0.966824644549763,0.9657611175959534,0.9341588808988641,5.8134937269705285,5.8159652408720905,5.807588418696537,0.34,0.16300115300691687,1.0,0.8,0.888888888888889,0.0,0.2,1.0,4.0,0.0,1.0,10.0,0.8528028654224417,1.0,0.06666666666666667,1.0,0.027799574828186516,0.0,0.0,0.0,0.03766914267265005,0.021207130548371686,1.0,1.0,0.8,0.888888888888889,0.0,0.2,1.0,4.0,0.0,1.0,10.0,0.8528028654224417,1.0,0.06666666666666667,1.0,0.02438988028509215,0.0,0.0,0.0,0.02761342803980617,0.022606385965627352,1.0,1.0,0.8,0.888888888888889,0.0,0.2,1.0,4.0,0.0,1.0,10.0,0.8528028654224417,1.0,0.06666666666666667,1.0,0.024694071079034898,0.0,0.0,0.0,0.02809618841370611,0.022803460658316867,1.0,0.5,1.0,0.0,,,
latent_variable_determination2,weak_edges,1,ok,6.0,6.0,0.0,1.0,0.9722222222222222,0.9859154929577464,0.966824644549763,0.9679316627551359,0.9372445934247672,5.872150161681725,5.810456072000709,5.804786863250033,0.4,0.16014160100894514,0.6666666666666666,0.8,0.7272727272727272,0.3333333333333333,0.2,0.8,4.0,2.0,1.0,8.0,0.5773502691896257,3.0,0.2,0.8261904761904761,0.039957282862700616,0.0,1.0,2.0,0.038544887823782764,0.04064507955436678,1.0,1.0,0.2,0.33333333333333337,0.0,0.8,1.0,1.0,0.0,4.0,10.0,0.37796447300922725,4.0,0.26666666666666666,0.9028571428571428,0.03826409007431827,0.0,0.0,0.0,0.05621123602723913,0.02482658566876081,1.0,1.0,0.2,0.33333333333333337,0.0,0.8,1.0,1.0,0.0,4.0,10.0,0.37796447300922725,4.0,0.26666666666666666,0.9266666666666666,0.03703142904528056,0.0,0.0,0.0,0.05365744029366125,0.024848131846671347,1.0,0.5000000000000001,4.0,0.0,,,
latent_variable_determination2,weak_edges,2,ok,6.0,6.0,0.0,1.0,1.0,1.0,0.6654867256637168,0.9592751323563092,0.9350363546087238,5.958941631488749,6.065100217508475,6.039534425839971,0.5666666666666667,0.31492364199948497,1.0,0.2,0.33333333333333337,0.0,0.8,1.0,1.0,0.0,4.0,10.0,0.37796447300922725,4.0,0.26666666666666666,0.8666666666666667,0.04067792691545394,0.0,0.0,0.0,0.06961448371174217,0.007678048969778073,1.0,1.0,0.2,0.33333333333333337,0.0,0.8,1.0,1.0,0.0,4.0,10.0,0.37796447300922725,4.0,0.26666666666666666,0.8666666666666667,0.04678764881171443,0.0,0.0,0.0,0.0801170990560074,0.008616921806389649,1.0,1.0,0.2,0.33333333333333337,0.0,0.8,1.0,1.0,0.0,4.0,10.0,0.37796447300922725,4.0,0.26666666666666666,0.8666666666666667,0.057779294519421875,0.0,0.0,0.0,0.09928298736139295,0.008894634508617303,1.0,-0.25,4.0,0.0,,,
latent_variable_determination2,weak_edges,3,ok,6.0,6.0,0.0,1.0,1.0,1.0,0.8068965517241379,0.9580194591758949,0.9398883812781711,6.204338842965689,6.363109694320112,6.2920078393574626,0.6499999999999999,0.24172574700787663,1.0,0.8,0.888888888888889,0.0,0.2,1.0,4.0,0.0,1.0,10.0,0.8528028654224417,1.0,0.06666666666666667,0.9666666666666666,0.03096032082319437,0.0,0.0,0.0,0.042879632890430806,0.022770172151383192,1.0,1.0,0.6,0.7499999999999999,0.0,0.4,1.0,3.0,0.0,2.0,10.0,0.7071067811865475,2.0,0.13333333333333333,0.9266666666666665,0.03544636704271916,0.0,0.0,0.0,0.049154942153830324,0.02601082920088377,1.0,1.0,0.4,0.5714285714285715,0.0,0.6,1.0,2.0,0.0,3.0,10.0,0.5547001962252291,3.0,0.2,0.8666666666666667,0.05148039558602749,0.0,0.0,0.0,0.08913786439763435,0.0016022670986115652,1.0,0.6324555320336761,3.0,0.0,,,
latent_variable_determination2,weak_edges,4,ok,6.0,6.0,0.0,1.0,1.0,1.0,0.9290322580645162,0.9649450784325975,0.9331813027816226,6.288919965041596,6.28844415496754,6.286231066499305,0.434047619047619,0.31113223200372886,0.75,0.6,0.6666666666666665,0.25,0.4,0.9,3.0,1.0,2.0,9.0,0.533001790889026,3.0,0.2,0.9028571428571428,0.03934096568491471,0.0,1.0,1.0,0.03641826549993621,0.04072373190807214,1.0,0.75,0.6,0.6666666666666665,0.25,0.4,0.9,3.0,1.0,2.0,9.0,0.533001790889026,3.0,0.2,0.8761904761904762,0.04016163017243972,0.0,1.0,1.0,0.03909293865821535,0.04068545047918526,1.0,1.0,0.6,0.7499999999999999,0.0,0.4,1.0,3.0,0.0,2.0,10.0,0.7071067811865475,2.0,0.13333333333333333,0.8761904761904762,0.03943470379913292,0.0,0.0,0.0,0.037868623060443404,0.04019486894295153,1.0,0.6123724356957946,2.0,0.0,,,
latent_variable_determination2,dense_near_limit,0,ok,6.0,6.0,0.0,1.0,1.0,1.0,1.0,0.9654111715627979,0.9320468600733235,5.754375115922272,5.732216890309123,5.732216890309123,0.74,0.3357840060052695,1.0,1.0,1.0,0.0,0.0,1.0,5.0,0.0,0.0,10.0,1.0,0.0,0.0,1.0,0.03214911616214738,1.0,0.0,0.0,0.044879903771896344,0.023307630161033766,1.0,1.0,1.0,1.0,0.0,0.0,1.0,5.0,0.0,0.0,10.0,1.0,0.0,0.0,1.0,0.04658434756422369,1.0,0.0,0.0,0.07996603005172787,0.007607179231467391,1.0,1.0,1.0,1.0,0.0,0.0,1.0,5.0,0.0,0.0,10.0,1.0,0.0,0.0,1.0,0.04658434756422369,1.0,0.0,0.0,0.07996603005172787,0.007607179231467391,1.0,1.0,0.0,0.0,,,
latent_variable_determination2,dense_near_limit,1,ok,6.0,6.0,0.0,1.0,1.0,1.0,0.8146118721461187,0.9635676419828507,0.9359516968964984,5.6883186471756835,5.701568623813391,5.624687926924256,0.6625,0.2021022489934694,1.0,0.8333333333333334,0.9090909090909091,0.0,0.16666666666666666,1.0,10.0,0.0,2.0,3.0,0.7071067811865475,2.0,0.13333333333333333,1.0,0.052009548386461206,0.0,0.0,0.0,0.05730482841283459,0.01973808955093153,1.0,1.0,0.8333333333333334,0.9090909090909091,0.0,0.16666666666666666,1.0,10.0,0.0,2.0,3.0,0.7071067811865475,2.0,0.13333333333333333,1.0,0.05596345646124383,0.0,0.0,0.0,0.06212453022748628,0.0148900393385727,1.0,1.0,0.75,0.8571428571428571,0.0,0.25,1.0,9.0,0.0,3.0,3.0,0.6123724356957946,3.0,0.2,1.0,0.059338475835535365,0.0,0.0,0.0,0.06612508904941193,0.010731447490969765,1.0,0.6123724356957946,0.0,0.0,,,
latent_variable_determination2,dense_near_limit,2,ok,6.0,6.0,0.0,1.0,1.0,1.0,0.9290322580645162,0.9675877078450945,0.9369222831280805,5.622568791384693,5.5081062428327225,5.485221263163442,0.78,0.26549396899645217,1.0,1.0,1.0,0.0,0.0,1.0,4.0,0.0,0.0,11.0,1.0,0.0,0.0,1.0,0.030599642495708568,1.0,0.0,0.0,0.03064487506504057,0.030583177702143596,1.0,1.0,1.0,1.0,0.0,0.0,1.0,4.0,0.0,0.0,11.0,1.0,0.0,0.0,1.0,0.034241949193960584,1.0,0.0,0.0,0.014539952992086965,0.039012847926826126,1.0,1.0,1.0,1.0,0.0,0.0,1.0,4.0,0.0,0.0,11.0,1.0,0.0,0.0,1.0,0.03648712209348966,1.0,0.0,0.0,0.031820872053103494,0.0380422965408222,1.0,1.0,0.0,0.0,,,
latent_variable_determination2,dense_near_limit,3,ok,6.0,6.0,0.0,1.0,1.0,1.0,0.7741935483870968,0.9437069380479355,0.9393121434698655,6.018770251797462,5.980417984754587,5.28484061852158,0.7067460317460317,0.16439931599597912,1.0,0.8888888888888888,0.9411764705882353,0.0,0.1111111111111111,1.0,8.0,0.0,1.0,6.0,0.8728715609439694,1.0,0.06666666666666667,1.0000000000000002,0.0514628979272824,0.0,0.0,0.0,0.06611062891026781,0.008071664965669243,1.0,1.0,0.7777777777777778,0.8750000000000001,0.0,0.2222222222222222,1.0,7.0,0.0,2.0,6.0,0.7637626158259733,2.0,0.13333333333333333,1.0000000000000002,0.062340105735385516,0.0,0.0,0.0,0.07983211114666913,0.012488915186933371,1.0,1.0,0.7777777777777778,0.8750000000000001,0.0,0.2222222222222222,1.0,7.0,0.0,2.0,6.0,0.7637626158259733,2.0,0.13333333333333333,0.9888888888888892,0.14155121177736038,0.0,0.0,0.0,0.1821253398631628,0.018368580747814788,1.0,0.4330127018922194,0.0,0.0,,,
latent_variable_determination2,dense_near_limit,4,ok,6.0,6.0,0.0,1.0,0.8888888888888888,0.9411764705882353,0.7882926829268293,0.9606480062693072,0.9317774073860284,5.99898394502738,5.990197140149622,5.925954449428034,0.8476190476190476,0.16382112000428606,1.0,1.0,1.0,0.0,0.0,1.0,6.0,0.0,0.0,9.0,1.0,0.0,0.0,1.0,0.03264548497966477,1.0,0.0,0.0,0.04629593256737117,0.018636985657758006,1.0,1.0,1.0,1.0,0.0,0.0,1.0,6.0,0.0,0.0,9.0,1.0,0.0,0.0,1.0,0.037774376761564483,1.0,0.0,0.0,0.055722747611978936,0.017554377381596344,1.0,1.0,1.0,1.0,0.0,0.0,1.0,6.0,0.0,0.0,9.0,1.0,0.0,0.0,1.0,0.037024887366801616,1.0,0.0,0.0,0.05395105658502909,0.018554230508967574,1.0,0.9999999999999998,0.0,0.0,,,
latent_variable_determination2,small_sample,0,ok,6.0,6.0,0.0,0.972972972972973,1.0,0.9863013698630138,0.7741935483870968,0.9478536652026855,0.9432290544882683,5.931570203710959,5.741106057847117,4.796797665716472,0.5388636363636363,0.3365199899999425,0.625,1.0,0.7692307692307693,0.375,0.0,0.7,5.0,3.0,0.0,7.0,0.6614378277661477,3.0,0.2,0.8766666666666667,0.10005896654635736,0.0,1.0,3.0,0.08785808580390571,0.1056322562427044,1.0,0.625,1.0,0.7692307692307693,0.375,0.0,0.7,5.0,3.0,0.0,7.0,0.6614378277661477,3.0,0.2,0.9266666666666665,0.07316213074194275,0.0,1.0,3.0,0.06766884254626748,0.07575955343239502,1.0,0.6666666666666666,0.8,0.7272727272727272,0.3333333333333333,0.2,0.8,4.0,2.0,1.0,8.0,0.5773502691896257,3.0,0.2,0.8444444444444443,0.15266441777827075,0.0,1.0,2.0,0.24256014985199573,0.07444409671193732,1.0,0.4330127018922194,0.0,0.0,,,
latent_variable_determination2,small_sample,1,ok,6.0,6.0,0.0,1.0,0.9444444444444444,0.9714285714285714,0.7923444976076555,0.9716169029389503,0.9516308849992425,5.79340230200939,6.020190873112069,5.8997159063480025,0.4834126984126984,0.25506979700003285,1.0,1.0,1.0,0.0,0.0,1.0,5.0,0.0,0.0,10.0,1.0,0.0,0.0,1.0,0.05214434045534625,1.0,0.0,0.0,0.08890161031008605,0.011260559685086302,1.0,1.0,0.8,0.888888888888889,0.0,0.2,1.0,4.0,0.0,1.0,10.0,0.8528028654224417,1.0,0.06666666666666667,0.9666666666666667,0.07700038019312529,0.0,0.0,0.0,0.1290697603700033,0.02375050112826517,1.0,1.0,1.0,1.0,0.0,0.0,1.0,5.0,0.0,0.0,10.0,1.0,0.0,0.0,1.0,0.053491513916438575,1.0,0.0,0.0,0.08193964657950395,0.030577119727368162,1.0,1.0,0.0,0.0,,,
latent_variable_determination2,small_sample,2,ok,6.0,6.0,0.0,1.0,0.6388888888888888,0.7796610169491525,0.2970464135021097,0.9555464866630747,0.942410743006366,6.576630048482836,6.65266077746026,6.422143107036886,0.4333333333333333,0.28048867799225263,1.0,0.2,0.33333333333333337,0.0,0.8,1.0,1.0,0.0,4.0,10.0,0.37796447300922725,4.0,0.26666666666666666,0.6000000000000001,0.1316843954058619,0.0,0.0,0.0,0.2280840634069425,0.0,1.0,1.0,0.2,0.33333333333333337,0.0,0.8,1.0,1.0,0.0,4.0,10.0,0.37796447300922725,4.0,0.26666666666666666,0.6000000000000001,0.1296585509391084,0.0,0.0,0.0,0.22457519786229316,0.0,1.0,1.0,0.2,0.33333333333333337,0.0,0.8,1.0,1.0,0.0,4.0,10.0,0.37796447300922725,4.0,0.26666666666666666,0.6000000000000001,0.1298228764228316,0.0,0.0,0.0,0.22485981794908005,0.0,1.0,-0.25,4.0,0.0,,,
latent_variable_determination2,small_sample,3,ok,6.0,6.0,0.0,0.972972972972973,1.0,0.9863013698630138,1.0,0.9783171095020581,0.9570529534810491,5.787289168664662,5.968476792207797,5.969484355141229,0.4400396825396825,0.11344497499521822,0.7142857142857143,1.0,0.8333333333333333,0.2857142857142857,0.0,0.8,5.0,2.0,0.0,8.0,0.7559289460184545,2.0,0.13333333333333333,0.9428571428571428,0.06767208929800027,0.0,1.0,2.0,0.06758490457765326,0.0677156395639112,1.0,0.8,0.8,0.8000000000000002,0.2,0.2,0.9,4.0,1.0,1.0,9.0,0.7,2.0,0.13333333333333333,0.9028571428571428,0.08219635759855502,0.0,1.0,1.0,0.12601445644785633,0.04684591963853374,1.0,0.8,0.8,0.8000000000000002,0.2,0.2,0.9,4.0,1.0,1.0,9.0,0.7,2.0,0.13333333333333333,0.9028571428571428,0.08226426282278225,0.0,1.0,1.0,0.12629881859465067,0.0466413723796958,1.0,0.15811388300841894,0.0,0.0,,,
latent_variable_determination2,small_sample,4,ok,6.0,6.0,0.0,0.972972972972973,1.0,0.9863013698630138,1.0,0.9730905228003439,0.9474094663080699,6.221673730512966,6.257858555594206,6.2534118803876595,0.4600000000000001,0.4765053729934152,0.7142857142857143,1.0,0.8333333333333333,0.2857142857142857,0.0,0.8,5.0,2.0,0.0,8.0,0.7559289460184545,2.0,0.13333333333333333,1.0,0.05975876089838007,0.0,1.0,2.0,0.08787206869302461,0.03867704781868467,1.0,1.0,0.6,0.7499999999999999,0.0,0.4,1.0,3.0,0.0,2.0,10.0,0.7071067811865475,2.0,0.13333333333333333,0.7333333333333332,0.1048264289319353,0.0,0.0,0.0,0.18156470088612006,0.0,1.0,1.0,0.6,0.7499999999999999,0.0,0.4,1.0,3.0,0.0,2.0,10.0,0.7071067811865475,2.0,0.13333333333333333,0.7333333333333332,0.10492078012577477,0.0,0.0,0.0,0.1817281219476048,0.0,1.0,0.0,2.0,0.0,,,
latent_variable_determination2,ill_conditioned_covariance,0,ok,6.0,5.0,1.0,1.0,0.9444444444444444,0.9714285714285714,0.4946058091286307,0.9483104881028339,0.9361245014286493,1.7788328191128868,2.4928694984216224,1.5584951359024442,0.8466666666666667,0.2762362240027869,1.0,1.0,1.0,0.0,0.0,1.0,5.0,0.0,0.0,10.0,1.0,0.0,0.0,1.0,0.013979363737596109,1.0,0.0,0.0,0.02128533116697167,0.008160959154302695,1.0,1.0,1.0,1.0,0.0,0.0,1.0,5.0,0.0,0.0,10.0,1.0,0.0,0.0,1.0,0.046782894168442446,1.0,0.0,0.0,0.06437129770707932,0.034801247045426566,1.0,0.75,0.6,0.6666666666666665,0.25,0.4,0.9,3.0,1.0,2.0,9.0,0.533001790889026,3.0,0.2,0.7333333333333332,0.19582368780134662,0.0,1.0,1.0,0.29223151362159333,0.12174048742877276,1.0,0.31622776601683805,1.0,0.0,,,
latent_variable_determination2,ill_conditioned_covariance,1,ok,6.0,6.0,0.0,1.0,0.9166666666666666,0.9565217391304348,0.7746341463414634,0.9530054066330074,0.9362252120027184,2.1432294959308154,2.8845136268667595,2.189608066873177,0.8476190476190476,0.37631628799135797,1.0,1.0,1.0,0.0,0.0,1.0,5.0,0.0,0.0,10.0,1.0,0.0,0.0,1.0,0.027812509624685552,1.0,0.0,0.0,0.03889855501477966,0.020093649402632648,1.0,0.8333333333333334,1.0,0.9090909090909091,0.16666666666666666,0.0,0.9,5.0,1.0,0.0,9.0,0.8660254037844386,1.0,0.06666666666666667,1.0,0.05213793949325786,0.0,1.0,1.0,0.07140716525606652,0.03909035017687009,1.0,0.8333333333333334,1.0,0.9090909090909091,0.16666666666666666,0.0,0.9,5.0,1.0,0.0,9.0,0.8660254037844386,1.0,0.06666666666666667,1.0,0.09122681695952359,0.0,1.0,1.0,0.14997869550386922,0.03516665531904439,1.0,0.8660254037844388,0.0,0.0,,,
latent_variable_determination2,ill_conditioned_covariance,2,ok,6.0,6.0,0.0,1.0,0.9722222222222222,0.9859154929577464,0.966824644549763,0.965254293626416,0.9338271885574133,2.3541165175425194,3.053010744701582,3.0619082114688774,0.8714285714285716,0.1875905380002223,1.0,1.0,1.0,0.0,0.0,1.0,5.0,0.0,0.0,10.0,1.0,0.0,0.0,1.0,0.024222630976060616,1.0,0.0,0.0,0.0412294189817425,0.005492839185483516,1.0,1.0,1.0,1.0,0.0,0.0,1.0,5.0,0.0,0.0,10.0,1.0,0.0,0.0,1.0,0.045477347018387355,1.0,0.0,0.0,0.06985529412601042,0.02573718281068319,1.0,1.0,1.0,1.0,0.0,0.0,1.0,5.0,0.0,0.0,10.0,1.0,0.0,0.0,1.0,0.044533375421315954,1.0,0.0,0.0,0.06914620429279428,0.024170922729043316,1.0,1.0,0.0,0.0,,,
latent_variable_determination2,ill_conditioned_covariance,3,ok,6.0,6.0,0.0,0.9,1.0,0.9473684210526316,0.4625,0.9423995753742768,0.9411140302531703,2.237313785359709,2.914468848834773,1.5262570054897138,0.9555555555555555,0.358195231994614,1.0,1.0,1.0,0.0,0.0,1.0,5.0,0.0,0.0,10.0,1.0,0.0,0.0,1.0,0.01935393026121669,1.0,0.0,0.0,0.028326191328782623,0.012675778762532036,1.0,1.0,1.0,1.0,0.0,0.0,1.0,5.0,0.0,0.0,10.0,1.0,0.0,0.0,1.0,0.038619608146766696,1.0,0.0,0.0,0.05793118758134219,0.023647409008650096,1.0,0.625,1.0,0.7692307692307693,0.375,0.0,0.7,5.0,3.0,0.0,7.0,0.6614378277661477,3.0,0.2,0.9266666666666665,0.13179437668761132,0.0,1.0,3.0,0.1587119764346462,0.11601676972669998,1.0,0.9449111825230682,0.0,0.0,,,
latent_variable_determination2,ill_conditioned_covariance,4,ok,6.0,5.0,1.0,0.8571428571428571,1.0,0.923076923076923,0.703734439834025,0.947638216967977,0.9312517682345155,2.646292812559843,3.3627607786699794,2.6286570974331798,0.7178571428571429,0.28590216299926396,1.0,1.0,1.0,0.0,0.0,1.0,5.0,0.0,0.0,10.0,1.0,0.0,0.0,1.0,0.017433822116690836,1.0,0.0,0.0,0.02010639428995793,0.01593027572652152,1.0,1.0,1.0,1.0,0.0,0.0,1.0,5.0,0.0,0.0,10.0,1.0,0.0,0.0,1.0,0.04745997033508454,1.0,0.0,0.0,0.06597492879130043,0.0346745953372505,1.0,0.6,0.6,0.6,0.4,0.4,0.8,3.0,2.0,2.0,8.0,0.4,4.0,0.26666666666666666,0.7333333333333332,0.19558474581734017,0.0,1.0,2.0,0.29734216994135027,0.11477763798726189,1.0,0.4264014327112209,1.0,0.0,,,
latent_variable_determination2,weak_measurement,0,ok,6.0,6.0,0.0,1.0,1.0,1.0,0.6563636363636364,0.8079645466410895,0.6985037910520614,5.472843081179464,5.655487074074321,5.4792954671860645,0.7799999999999999,0.17681040900060907,1.0,1.0,1.0,0.0,0.0,1.0,5.0,0.0,0.0,10.0,1.0,0.0,0.0,1.0,0.024126719176877708,1.0,0.0,0.0,0.03476600228722902,0.016395438690137893,1.0,1.0,1.0,1.0,0.0,0.0,1.0,5.0,0.0,0.0,10.0,1.0,0.0,0.0,1.0,0.05735818646824581,1.0,0.0,0.0,0.09820448003857701,0.010624612113646782,1.0,1.0,1.0,1.0,0.0,0.0,1.0,5.0,0.0,0.0,10.0,1.0,0.0,0.0,1.0,0.05882797753414085,1.0,0.0,0.0,0.1010592754474937,0.009198251689852291,1.0,1.0,0.0,0.0,,,
latent_variable_determination2,weak_measurement,1,ok,6.0,6.0,0.0,1.0,1.0,1.0,0.36129032258064514,0.7697007222568836,0.7137536251270058,5.5695871489152715,5.565198804791745,4.9533497562308675,0.7328571428571429,0.46480288800376,1.0,1.0,1.0,0.0,0.0,1.0,5.0,0.0,0.0,10.0,1.0,0.0,0.0,1.0,0.029865371943005817,1.0,0.0,0.0,0.03032988691804042,0.0296303837590835,1.0,1.0,1.0,1.0,0.0,0.0,1.0,5.0,0.0,0.0,10.0,1.0,0.0,0.0,1.0,0.05322353444967135,1.0,0.0,0.0,0.08615917012292294,0.02318222661518173,1.0,1.0,0.8,0.888888888888889,0.0,0.2,1.0,4.0,0.0,1.0,10.0,0.8528028654224417,1.0,0.06666666666666667,0.8999999999999999,0.11196589442177432,0.0,0.0,0.0,0.1920180845467324,0.019211191373879822,1.0,0.5,1.0,0.0,,,
latent_variable_determination2,weak_measurement,2,ok,6.0,6.0,0.0,0.9,1.0,0.9473684210526316,0.702262443438914,0.8059944475880217,0.6963668085315172,5.6909277146828865,6.082395744658169,5.811700679755351,0.65,0.22989887800940778,1.0,1.0,1.0,0.0,0.0,1.0,5.0,0.0,0.0,10.0,1.0,0.0,0.0,1.0,0.052038182724956895,1.0,0.0,0.0,0.09013277641317839,0.0,1.0,1.0,0.8,0.888888888888889,0.0,0.2,1.0,4.0,0.0,1.0,10.0,0.8528028654224417,1.0,0.06666666666666667,1.0,0.08444687992793892,0.0,0.0,0.0,0.14600453852660925,0.006184711728248705,1.0,1.0,0.6,0.7499999999999999,0.0,0.4,1.0,3.0,0.0,2.0,10.0,0.7071067811865475,2.0,0.13333333333333333,1.0,0.09650219127341401,0.0,0.0,0.0,0.16713531032219445,0.0013796385786709975,1.0,0.6123724356957946,2.0,0.0,,,
latent_variable_determination2,weak_measurement,3,ok,6.0,6.0,0.0,0.9473684210526315,1.0,0.972972972972973,0.5504587155963303,0.742288044391113,0.7112504593014956,5.882547226165831,6.248416045797093,5.536894430111833,0.7166666666666666,0.4842068950092653,1.0,1.0,1.0,0.0,0.0,1.0,5.0,0.0,0.0,10.0,1.0,0.0,0.0,1.0,0.028332078539144746,1.0,0.0,0.0,0.043809501813786234,0.015634058556124507,1.0,1.0,1.0,1.0,0.0,0.0,1.0,5.0,0.0,0.0,10.0,1.0,0.0,0.0,1.0,0.06856961192961877,1.0,0.0,0.0,0.11780439746296288,0.010665340569429067,1.0,1.0,0.4,0.5714285714285715,0.0,0.6,1.0,2.0,0.0,3.0,10.0,0.5547001962252291,3.0,0.2,1.0,0.12282152223119941,0.0,0.0,0.0,0.2126280471715845,0.00472718338788815,1.0,0.2500000000000001,3.0,0.0,,,
latent_variable_determination2,weak_measurement,4,ok,6.0,6.0,0.0,0.9473684210526315,1.0,0.972972972972973,0.5806451612903226,0.7967599084331564,0.6911544155494128,5.9918819860008705,6.158318017885258,6.059968004026778,0.6483333333333333,0.2610934630065458,0.8333333333333334,1.0,0.9090909090909091,0.16666666666666666,0.0,0.9,5.0,1.0,0.0,9.0,0.8660254037844386,1.0,0.06666666666666667,1.0,0.031981720387331776,0.0,1.0,1.0,0.02847026919189762,0.03360011226872095,1.0,1.0,0.8,0.888888888888889,0.0,0.2,1.0,4.0,0.0,1.0,10.0,0.8528028654224417,1.0,0.06666666666666667,0.9666666666666667,0.08064315628875687,0.0,0.0,0.0,0.1363282909739591,0.02150061683717633,1.0,1.0,0.8,0.888888888888889,0.0,0.2,1.0,4.0,0.0,1.0,10.0,0.8528028654224417,1.0,0.06666666666666667,1.0,0.0797916573327506,0.0,0.0,0.0,0.1332326393224361,0.025972962469642678,1.0,0.5000000000000001,1.0,0.0,,,
latent_variable_determination2,unequal_group_quality,0,ok,6.0,6.0,0.0,0.9565217391304348,0.6666666666666666,0.7857142857142856,0.3545409592879512,0.9027399105628747,0.8482296516469553,5.551131403935752,5.5718646002751075,5.562577857537559,0.8566666666666667,0.19447131699416786,1.0,1.0,1.0,0.0,0.0,1.0,5.0,0.0,0.0,10.0,1.0,0.0,0.0,1.0,0.02859433512869588,1.0,0.0,0.0,0.03781451059316205,0.022616042900518073,1.0,1.0,1.0,1.0,0.0,0.0,1.0,5.0,0.0,0.0,10.0,1.0,0.0,0.0,1.0,0.048572311143782694,1.0,0.0,0.0,0.07887804257603234,0.020688917672499665,1.0,1.0,1.0,1.0,0.0,0.0,1.0,5.0,0.0,0.0,10.0,1.0,0.0,0.0,1.0,0.05245298161307556,1.0,0.0,0.0,0.08339355808681975,0.025489804922018803,1.0,1.0,0.0,0.0,,,
latent_variable_determination2,unequal_group_quality,1,ok,6.0,6.0,0.0,0.9166666666666666,1.0,0.9565217391304348,1.0,0.9226324476222963,0.8621875202835949,5.555285102190985,5.567567933365907,5.5640737822576,0.7684523809523809,0.19145830599882174,0.8333333333333334,1.0,0.9090909090909091,0.16666666666666666,0.0,0.9,5.0,1.0,0.0,9.0,0.8660254037844386,1.0,0.06666666666666667,1.0,0.03445728828442295,0.0,1.0,1.0,0.030302248081746714,0.03635717198119082,1.0,0.8333333333333334,1.0,0.9090909090909091,0.16666666666666666,0.0,0.9,5.0,1.0,0.0,9.0,0.8660254037844386,1.0,0.06666666666666667,1.0,0.06263187313120225,0.0,1.0,1.0,0.08282587451984837,0.04953851585277549,1.0,0.8333333333333334,1.0,0.9090909090909091,0.16666666666666666,0.0,0.9,5.0,1.0,0.0,9.0,0.8660254037844386,1.0,0.06666666666666667,1.0,0.062146856578072174,0.0,1.0,1.0,0.08242976164057421,0.04894910491257494,1.0,0.8660254037844388,0.0,0.0,,,
latent_variable_determination2,unequal_group_quality,2,ok,6.0,6.0,0.0,0.8918918918918919,1.0,0.9428571428571428,1.0,0.9136018918006115,0.8526124947524422,5.5390552840674845,5.769947868726982,5.719906541567927,0.7433333333333333,0.19020067401288543,1.0,1.0,1.0,0.0,0.0,1.0,5.0,0.0,0.0,10.0,1.0,0.0,0.0,1.0,0.030764621675781752,1.0,0.0,0.0,0.0526518716638482,0.0057950949455379975,1.0,1.0,1.0,1.0,0.0,0.0,1.0,5.0,0.0,0.0,10.0,1.0,0.0,0.0,1.0,0.05916424522958156,1.0,0.0,0.0,0.1010824434052622,0.01190721159592279,1.0,1.0,1.0,1.0,0.0,0.0,1.0,5.0,0.0,0.0,10.0,1.0,0.0,0.0,1.0,0.06057054999732134,1.0,0.0,0.0,0.10384873088924872,0.01053127897328741,1.0,1.0,0.0,0.0,,,
latent_variable_determination2,unequal_group_quality,3,ok,6.0,6.0,0.0,0.8461538461538461,1.0,0.9166666666666666,0.5283497884344147,0.713991003276708,0.8565111979789667,5.947045721991226,6.0838726601814495,4.193675929629038,0.7433333333333334,0.19030257100530434,1.0,1.0,1.0,0.0,0.0,1.0,5.0,0.0,0.0,10.0,1.0,0.0,0.0,1.0,0.02640659881990389,1.0,0.0,0.0,0.03384305327767812,0.02175515029309484,1.0,1.0,1.0,1.0,0.0,0.0,1.0,5.0,0.0,0.0,10.0,1.0,0.0,0.0,1.0,0.05132682470679081,1.0,0.0,0.0,0.08065277473850939,0.02644294547156347,1.0,0.6666666666666666,0.8,0.7272727272727272,0.3333333333333333,0.2,0.8,4.0,2.0,1.0,8.0,0.5773502691896257,3.0,0.2,0.8,0.20498865841705105,0.0,1.0,2.0,0.3499357059610114,0.04246205325014232,1.0,0.7071067811865476,0.0,0.0,,,
latent_variable_determination2,unequal_group_quality,4,ok,6.0,6.0,0.0,0.9705882352941176,1.0,0.9850746268656716,1.0,0.9127687365277457,0.8480068349262164,5.590337514634414,5.702609557374803,5.697119641691078,1.0,0.1813669929979369,1.0,1.0,1.0,0.0,0.0,1.0,5.0,0.0,0.0,10.0,1.0,0.0,0.0,1.0,0.013258811464036761,1.0,0.0,0.0,0.022600182858550175,0.0028827052465273586,1.0,1.0,1.0,1.0,0.0,0.0,1.0,5.0,0.0,0.0,10.0,1.0,0.0,0.0,1.0,0.03577641579152243,1.0,0.0,0.0,0.05969742500099441,0.011748898435903127,1.0,1.0,1.0,1.0,0.0,0.0,1.0,5.0,0.0,0.0,10.0,1.0,0.0,0.0,1.0,0.03608328245483215,1.0,0.0,0.0,0.05999138157057588,0.012390398609390297,1.0,1.0,0.0,0.0,,,
latent_variable_determination2,cross_loadings,0,ok,6.0,6.0,0.0,1.0,1.0,1.0,1.0,0.9626673480141403,0.9267638115144784,5.499907287640815,5.57956386468544,5.57956386468544,0.7517857142857143,0.15850821700587403,1.0,1.0,1.0,0.0,0.0,1.0,5.0,0.0,0.0,10.0,1.0,0.0,0.0,1.0,0.02378315649090197,1.0,0.0,0.0,0.04119363540660375,0.0,1.0,0.7142857142857143,1.0,0.8333333333333333,0.2857142857142857,0.0,0.8,5.0,2.0,0.0,8.0,0.7559289460184545,2.0,0.13333333333333333,1.0,0.054651777801909655,0.0,1.0,2.0,0.06443302500838788,0.049034863816454,1.0,0.7142857142857143,1.0,0.8333333333333333,0.2857142857142857,0.0,0.8,5.0,2.0,0.0,8.0,0.7559289460184545,2.0,0.13333333333333333,1.0,0.054651777801909655,0.0,1.0,2.0,0.06443302500838788,0.049034863816454,1.0,0.3162277660168379,0.0,0.0,,,
latent_variable_determination2,cross_loadings,1,ok,6.0,6.0,0.0,1.0,1.0,1.0,0.6375,0.946395992740067,0.9286204628372562,5.614258675193305,5.7536955237074805,5.576877620747856,0.7041414141414142,0.15239040499727707,1.0,1.0,1.0,0.0,0.0,1.0,5.0,0.0,0.0,10.0,1.0,0.0,0.0,1.0,0.03028538833657975,1.0,0.0,0.0,0.04354205793065027,0.02068457675728728,1.0,0.7142857142857143,1.0,0.8333333333333333,0.2857142857142857,0.0,0.8,5.0,2.0,0.0,8.0,0.7559289460184545,2.0,0.13333333333333333,1.0,0.0669898153750117,0.0,1.0,2.0,0.09265846552318234,0.049382764497462546,1.0,0.625,1.0,0.7692307692307693,0.375,0.0,0.7,5.0,3.0,0.0,7.0,0.6614378277661477,3.0,0.2,1.0,0.06453918534797007,0.0,1.0,3.0,0.0699496991377452,0.06165613889418406,1.0,0.5000000000000001,0.0,0.0,,,
latent_variable_determination2,cross_loadings,2,ok,6.0,6.0,0.0,1.0,1.0,1.0,0.864516129032258,0.961389521679671,0.9314907141659255,5.718092345042453,5.750306169629636,5.707482639758583,0.6857142857142857,0.4067972129996633,1.0,1.0,1.0,0.0,0.0,1.0,5.0,0.0,0.0,10.0,1.0,0.0,0.0,1.0,0.050768296077888665,1.0,0.0,0.0,0.07652841352857166,0.03062402310896161,1.0,0.6666666666666666,0.8,0.7272727272727272,0.3333333333333333,0.2,0.8,4.0,2.0,1.0,8.0,0.5773502691896257,3.0,0.2,0.8833333333333333,0.07448590960356015,0.0,1.0,2.0,0.10597220038054503,0.05203049555267955,1.0,0.8,0.8,0.8000000000000002,0.2,0.2,0.9,4.0,1.0,1.0,9.0,0.7,2.0,0.13333333333333333,0.911111111111111,0.07488693026924036,0.0,1.0,1.0,0.1123251729517317,0.04586508746755949,1.0,0.6324555320336759,0.0,0.0,,,
latent_variable_determination2,cross_loadings,3,ok,6.0,6.0,0.0,1.0,1.0,1.0,0.8587155963302753,0.9622004395705535,0.9302571397407021,5.950645626898366,5.992803506394888,5.958024001659239,0.8464285714285713,0.23814586900698487,1.0,1.0,1.0,0.0,0.0,1.0,5.0,0.0,0.0,10.0,1.0,0.0,0.0,1.0,0.040320703327085476,1.0,0.0,0.0,0.06449929251941787,0.018935662318322683,1.0,0.7142857142857143,1.0,0.8333333333333333,0.2857142857142857,0.0,0.8,5.0,2.0,0.0,8.0,0.7559289460184545,2.0,0.13333333333333333,1.0,0.06874724826127022,0.0,1.0,2.0,0.08293428451675776,0.06041712043032025,1.0,0.7142857142857143,1.0,0.8333333333333333,0.2857142857142857,0.0,0.8,5.0,2.0,0.0,8.0,0.7559289460184545,2.0,0.13333333333333333,1.0,0.06600665515302287,0.0,1.0,2.0,0.08037982790157143,0.05748790672821545,1.0,0.5000000000000001,0.0,0.0,,,
latent_variable_determination2,cross_loadings,4,ok,6.0,6.0,0.0,1.0,1.0,1.0,0.7483870967741936,0.9554242220161216,0.929647523321525,6.006952783544229,5.978777548910652,5.893445055784907,0.9142857142857144,0.1611236160097178,1.0,1.0,1.0,0.0,0.0,1.0,5.0,0.0,0.0,10.0,1.0,0.0,0.0,1.0,0.024468351892057868,1.0,0.0,0.0,0.03293184126622029,0.018862589479670937,1.0,0.8333333333333334,1.0,0.9090909090909091,0.16666666666666666,0.0,0.9,5.0,1.0,0.0,9.0,0.8660254037844386,1.0,0.06666666666666667,1.0,0.042033969605686644,0.0,1.0,1.0,0.0481776190448473,0.03859715550144163,1.0,0.8333333333333334,1.0,0.9090909090909091,0.16666666666666666,0.0,0.9,5.0,1.0,0.0,9.0,0.8660254037844386,1.0,0.06666666666666667,1.0,0.0572163992309989,0.0,1.0,1.0,0.06030375223387681,0.05560848176941334,1.0,,0.0,0.0,,,
latent_variable_determination2,grouping_error,0,ok,6.0,6.0,0.0,0.972972972972973,1.0,0.9863013698630138,0.6967741935483871,0.9024050682904473,0.9342045044429607,5.472843081179464,5.513173170253277,3.9180890853953785,0.8099999999999999,0.2354804070055252,1.0,1.0,1.0,0.0,0.0,1.0,5.0,0.0,0.0,10.0,1.0,0.0,0.0,1.0,0.024126719176877708,1.0,0.0,0.0,0.03476600228722902,0.016395438690137893,1.0,1.0,1.0,1.0,0.0,0.0,1.0,5.0,0.0,0.0,10.0,1.0,0.0,0.0,1.0,0.029765015398338333,1.0,0.0,0.0,0.05065702623988353,0.006772522333728606,1.0,1.0,0.6,0.7499999999999999,0.0,0.4,1.0,3.0,0.0,2.0,10.0,0.7071067811865475,2.0,0.13333333333333333,0.925,0.17881722817411563,0.0,0.0,0.0,0.3077765676213854,0.02449885404279125,1.0,,2.0,0.0,,,
latent_variable_determination2,grouping_error,1,ok,6.0,6.0,0.0,1.0,0.9722222222222222,0.9859154929577464,0.7545023696682465,0.96327884215124,0.9377772649891907,5.5695871489152715,5.519070805463652,5.549402108225606,0.7097222222222223,0.405975554996985,1.0,1.0,1.0,0.0,0.0,1.0,5.0,0.0,0.0,10.0,1.0,0.0,0.0,1.0,0.029865371943005817,1.0,0.0,0.0,0.03032988691804042,0.0296303837590835,1.0,1.0,1.0,1.0,0.0,0.0,1.0,5.0,0.0,0.0,10.0,1.0,0.0,0.0,1.0,0.027661333894266674,1.0,0.0,0.0,0.04168521629309678,0.01670016348764372,1.0,0.8333333333333334,1.0,0.9090909090909091,0.16666666666666666,0.0,0.9,5.0,1.0,0.0,9.0,0.8660254037844386,1.0,0.06666666666666667,1.0,0.038058729843975764,0.0,1.0,1.0,0.041573085729552026,0.03617374251396663,1.0,0.6123724356957946,0.0,0.0,,,
latent_variable_determination2,grouping_error,2,ok,6.0,5.0,1.0,1.0,1.0,1.0,0.8,0.9249778839119553,0.9348552238661755,5.6909277146828865,5.848986793313097,4.818528346784718,0.9,0.23019751800165977,1.0,1.0,1.0,0.0,0.0,1.0,5.0,0.0,0.0,10.0,1.0,0.0,0.0,1.0,0.052038182724956895,1.0,0.0,0.0,0.09013277641317839,0.0,1.0,1.0,1.0,1.0,0.0,0.0,1.0,5.0,0.0,0.0,10.0,1.0,0.0,0.0,1.0,0.05847038385490798,1.0,0.0,0.0,0.10127367557475561,0.0,1.0,1.0,0.8,0.888888888888889,0.0,0.2,1.0,4.0,0.0,1.0,10.0,0.8528028654224417,1.0,0.06666666666666667,0.8666666666666667,0.08879460224281888,0.0,0.0,0.0,0.15370617515051152,0.003732015740958094,1.0,0.790569415042095,1.0,0.0,,,
latent_variable_determination2,grouping_error,3,ok,6.0,5.0,1.0,0.8372093023255814,1.0,0.9113924050632911,0.6888888888888889,0.9228028646958913,0.9396618391867907,5.882547226165831,6.039238718255628,5.053478101383922,0.9,0.20566722500370815,1.0,1.0,1.0,0.0,0.0,1.0,5.0,0.0,0.0,10.0,1.0,0.0,0.0,1.0,0.028332078539144746,1.0,0.0,0.0,0.043809501813786234,0.015634058556124507,1.0,1.0,1.0,1.0,0.0,0.0,1.0,5.0,0.0,0.0,10.0,1.0,0.0,0.0,1.0,0.03206402994894112,1.0,0.0,0.0,0.050068603478453766,0.016991777355785168,1.0,0.75,0.6,0.6666666666666665,0.25,0.4,0.9,3.0,1.0,2.0,9.0,0.533001790889026,3.0,0.2,0.7333333333333333,0.1031251683964655,0.0,1.0,1.0,0.16999294999346581,0.03877368968074318,1.0,0.2500000000000001,1.0,0.0,,,
latent_variable_determination2,grouping_error,4,ok,6.0,6.0,0.0,0.9722222222222222,0.9722222222222222,0.9722222222222222,0.9004739336492891,0.9634041831149468,0.9328964990606198,5.9918819860008705,6.054508217659245,6.04554146411161,0.7982142857142857,0.3738829699868802,0.8333333333333334,1.0,0.9090909090909091,0.16666666666666666,0.0,0.9,5.0,1.0,0.0,9.0,0.8660254037844386,1.0,0.06666666666666667,1.0,0.031981720387331776,0.0,1.0,1.0,0.02847026919189762,0.03360011226872095,1.0,0.8333333333333334,1.0,0.9090909090909091,0.16666666666666666,0.0,0.9,5.0,1.0,0.0,9.0,0.8660254037844386,1.0,0.06666666666666667,1.0,0.0432557781843817,0.0,1.0,1.0,0.04936295297557262,0.03985276598017196,1.0,0.8333333333333334,1.0,0.9090909090909091,0.16666666666666666,0.0,0.9,5.0,1.0,0.0,9.0,0.8660254037844386,1.0,0.06666666666666667,1.0,0.04447350714234756,0.0,1.0,1.0,0.050112896595855494,0.04136650884105651,1.0,0.6123724356957946,0.0,0.0,,,
latent_variable_determination2,outcome_irrelevant_node,0,ok,5.0,5.0,0.0,0.8333333333333334,1.0,0.9090909090909091,0.7422222222222222,0.9279056318635968,0.9354979457236873,4.405737199866041,4.446955306007428,4.155248035630737,1.0,0.30578122699807864,1.0,1.0,1.0,0.0,0.0,1.0,4.0,0.0,0.0,6.0,1.0,0.0,0.0,1.0,0.026136047669071887,1.0,0.0,0.0,0.031944816416060985,0.02140500211857274,1.0,1.0,1.0,1.0,0.0,0.0,1.0,4.0,0.0,0.0,6.0,1.0,0.0,0.0,1.0,0.03343616905208464,1.0,0.0,0.0,0.04294711688387945,0.025172586326681554,1.0,1.0,1.0,1.0,0.0,0.0,1.0,4.0,0.0,0.0,6.0,1.0,0.0,0.0,1.0,0.10462079922199645,1.0,0.0,0.0,0.16534427525816978,0.004086540017653328,1.0,1.0,0.0,0.0,,,
latent_variable_determination2,outcome_irrelevant_node,1,ok,5.0,5.0,0.0,0.967741935483871,1.0,0.9836065573770492,0.8246289169873557,0.9661704058349203,0.9373077267641378,4.636136604050299,4.611188980591215,4.591130068650155,1.0,0.30072216999542434,1.0,1.0,1.0,0.0,0.0,1.0,4.0,0.0,0.0,6.0,1.0,0.0,0.0,1.0,0.03847393947929498,1.0,0.0,0.0,0.060832143707351016,0.0002005652168669792,1.0,1.0,1.0,1.0,0.0,0.0,1.0,4.0,0.0,0.0,6.0,1.0,0.0,0.0,1.0,0.03147720277321795,1.0,0.0,0.0,0.04480790391637474,0.01768780149682502,1.0,1.0,1.0,1.0,0.0,0.0,1.0,4.0,0.0,0.0,6.0,1.0,0.0,0.0,1.0,0.03853210324168142,1.0,0.0,0.0,0.06092460464023537,0.0,1.0,1.0,0.0,0.0,,,
latent_variable_determination2,outcome_irrelevant_node,2,ok,5.0,5.0,0.0,0.967741935483871,1.0,0.9836065573770492,0.7836418900248687,0.9561820078998494,0.9317136228171474,4.838372840821621,4.974707005056833,4.854957027370738,0.9,0.17043149899109267,1.0,1.0,1.0,0.0,0.0,1.0,4.0,0.0,0.0,6.0,1.0,0.0,0.0,1.0,0.04496778741822387,1.0,0.0,0.0,0.07109918821692723,0.00032680077558679973,1.0,1.0,1.0,1.0,0.0,0.0,1.0,4.0,0.0,0.0,6.0,1.0,0.0,0.0,1.0,0.05402572402403081,1.0,0.0,0.0,0.08542144900604642,0.00028657809785987716,1.0,1.0,1.0,1.0,0.0,0.0,1.0,4.0,0.0,0.0,6.0,1.0,0.0,0.0,1.0,0.07835442981912466,1.0,0.0,0.0,0.12387270388524932,0.0016522535837800996,1.0,1.0,0.0,0.0,,,
latent_variable_determination2,outcome_irrelevant_node,3,ok,5.0,5.0,0.0,1.0,1.0,1.0,0.6554296767062725,0.9537418429726214,0.9392535652547981,4.927863528985607,5.030307504235031,4.691748135831887,1.0,0.31037571700289845,1.0,1.0,1.0,0.0,0.0,1.0,4.0,0.0,0.0,6.0,1.0,0.0,0.0,1.0,0.019971887316869833,1.0,0.0,0.0,0.025002347686589495,0.015749567563444578,1.0,1.0,1.0,1.0,0.0,0.0,1.0,4.0,0.0,0.0,6.0,1.0,0.0,0.0,1.0,0.02147785115020791,1.0,0.0,0.0,0.02386381904603159,0.019727533476750683,1.0,1.0,1.0,1.0,0.0,0.0,1.0,4.0,0.0,0.0,6.0,1.0,0.0,0.0,1.0,0.09855033129440234,1.0,0.0,0.0,0.15495203436937074,0.013423525130270134,1.0,1.0,0.0,0.0,,,
latent_variable_determination2,outcome_irrelevant_node,4,ok,5.0,5.0,0.0,1.0,1.0,1.0,1.0,0.9673448855159382,0.9357698425872849,4.922282192007841,4.957273356022208,4.957273356022208,0.8800000000000001,0.30592726000759285,0.8,1.0,0.888888888888889,0.2,0.0,0.8333333333333334,4.0,1.0,0.0,5.0,0.816496580927726,1.0,0.1,1.0,0.03795268763537505,0.0,1.0,1.0,0.030656856411371083,0.0421202516757553,1.0,0.8,1.0,0.888888888888889,0.2,0.0,0.8333333333333334,4.0,1.0,0.0,5.0,0.816496580927726,1.0,0.1,1.0,0.049727626135064894,0.0,1.0,1.0,0.053362229760576745,0.04714915649688332,1.0,0.8,1.0,0.888888888888889,0.2,0.0,0.8333333333333334,4.0,1.0,0.0,5.0,0.816496580927726,1.0,0.1,1.0,0.049727626135064894,0.0,1.0,1.0,0.053362229760576745,0.04714915649688332,1.0,0.6454972243679028,0.0,0.0,,,
latent_variable_determination2,hidden_confounding,0,ok,6.0,6.0,0.0,1.0,0.9722222222222222,0.9859154929577464,0.8283018867924529,0.9686093361259758,0.9421153887647858,5.433379988849341,5.503608811490584,5.4808339365365955,0.9428571428571428,0.2050796219991753,0.8333333333333334,1.0,0.9090909090909091,0.16666666666666666,0.0,0.9,5.0,1.0,0.0,9.0,0.8660254037844386,1.0,0.06666666666666667,0.81,0.08096681080692125,0.0,1.0,1.0,0.03646602275263699,0.09575255229323001,1.0,0.8333333333333334,1.0,0.9090909090909091,0.16666666666666666,0.0,0.9,5.0,1.0,0.0,9.0,0.8660254037844386,1.0,0.06666666666666667,0.81,0.06918858468723887,0.0,1.0,1.0,0.061096565506313504,0.07289852685892363,1.0,0.8333333333333334,1.0,0.9090909090909091,0.16666666666666666,0.0,0.9,5.0,1.0,0.0,9.0,0.8660254037844386,1.0,0.06666666666666667,0.8766666666666667,0.0762040881327048,0.0,1.0,1.0,0.03744748675760981,0.08949546044339278,1.0,0.6123724356957946,0.0,0.0,,,
latent_variable_determination2,hidden_confounding,1,ok,6.0,6.0,0.0,1.0,0.6388888888888888,0.7796610169491525,0.2970464135021097,0.9595429313826088,0.9447491118327407,5.612250383138171,5.631538078501274,5.623800177181752,0.8488095238095237,0.19084624300012365,0.8333333333333334,1.0,0.9090909090909091,0.16666666666666666,0.0,0.9,5.0,1.0,0.0,9.0,0.8660254037844386,1.0,0.06666666666666667,0.71,0.0787566016336265,0.0,1.0,1.0,0.07464536608698104,0.08073374828525491,1.0,0.8333333333333334,1.0,0.9090909090909091,0.16666666666666666,0.0,0.9,5.0,1.0,0.0,9.0,0.8660254037844386,1.0,0.06666666666666667,0.71,0.08296313832014594,0.0,1.0,1.0,0.05203057339551137,0.09471395459993556,1.0,0.8333333333333334,1.0,0.9090909090909091,0.16666666666666666,0.0,0.9,5.0,1.0,0.0,9.0,0.8660254037844386,1.0,0.06666666666666667,0.71,0.08167542709082745,0.0,1.0,1.0,0.055459283070825774,0.09202416555632882,1.0,0.6123724356957946,0.0,0.0,,,
latent_variable_determination2,hidden_confounding,2,ok,6.0,6.0,0.0,1.0,1.0,1.0,0.6193548387096774,0.9545363552705027,0.9419482154537572,5.466161746895254,5.519962845420537,4.712317671413606,0.8696428571428572,0.2584101440006634,0.8333333333333334,1.0,0.9090909090909091,0.16666666666666666,0.0,0.9,5.0,1.0,0.0,9.0,0.8660254037844386,1.0,0.06666666666666667,0.71,0.10496035095844916,0.0,1.0,1.0,0.07243704894685732,0.11790440992565346,1.0,0.8333333333333334,1.0,0.9090909090909091,0.16666666666666666,0.0,0.9,5.0,1.0,0.0,9.0,0.8660254037844386,1.0,0.06666666666666667,0.71,0.09879890494054591,0.0,1.0,1.0,0.07162138164641896,0.10989551524837374,1.0,0.8333333333333334,1.0,0.9090909090909091,0.16666666666666666,0.0,0.9,5.0,1.0,0.0,9.0,0.8660254037844386,1.0,0.06666666666666667,0.71,0.19830255543862957,0.0,1.0,1.0,0.13712187582612062,0.2226761119321044,1.0,0.6123724356957946,0.0,0.0,,,
latent_variable_determination2,hidden_confounding,3,ok,6.0,6.0,0.0,1.0,0.9444444444444444,0.9714285714285714,0.7768115942028986,0.8654471008715735,0.9473516039569626,5.655260166412137,5.553779306460657,4.190420869325241,1.0,0.15506104499218054,0.8333333333333334,1.0,0.9090909090909091,0.16666666666666666,0.0,0.9,5.0,1.0,0.0,9.0,0.8660254037844386,1.0,0.06666666666666667,0.71,0.09709953943803638,0.0,1.0,1.0,0.053941945799974876,0.11263930965819376,1.0,0.8333333333333334,1.0,0.9090909090909091,0.16666666666666666,0.0,0.9,5.0,1.0,0.0,9.0,0.8660254037844386,1.0,0.06666666666666667,0.71,0.09012363622382806,0.0,1.0,1.0,0.05410843933079871,0.10353522640096934,1.0,0.8,0.8,0.8000000000000002,0.2,0.2,0.9,4.0,1.0,1.0,9.0,0.7,2.0,0.13333333333333333,0.71,0.1846691233126608,0.0,1.0,1.0,0.2838041637732843,0.10431503233030934,1.0,0.15811388300841897,1.0,0.0,,,
latent_variable_determination2,hidden_confounding,4,ok,6.0,6.0,0.0,1.0,1.0,1.0,1.0,0.9705794357513358,0.9420504222488798,5.848985876325604,5.934694830664774,5.934694830664774,0.9,0.18804694100981578,0.7142857142857143,1.0,0.8333333333333333,0.2857142857142857,0.0,0.8,5.0,2.0,0.0,8.0,0.7559289460184545,2.0,0.13333333333333333,0.6861904761904761,0.10768673704469488,0.0,1.0,2.0,0.07695982436707383,0.12013843148507669,1.0,0.7142857142857143,1.0,0.8333333333333333,0.2857142857142857,0.0,0.8,5.0,2.0,0.0,8.0,0.7559289460184545,2.0,0.13333333333333333,0.71,0.09844827414447418,0.0,1.0,2.0,0.0763316352709753,0.10781852693979695,1.0,0.7142857142857143,1.0,0.8333333333333333,0.2857142857142857,0.0,0.8,5.0,2.0,0.0,8.0,0.7559289460184545,2.0,0.13333333333333333,0.71,0.09844827414447418,0.0,1.0,2.0,0.0763316352709753,0.10781852693979695,1.0,0.31622776601683794,0.0,0.0,,,
latent_variable_determination2,temporal_data,0,ok,6.0,6.0,0.0,1.0,0.9166666666666666,0.9565217391304348,0.8019512195121952,0.9469248274109381,0.9053325174555314,5.817149946269202,5.788130111749628,5.73320114894217,0.825,0.6382295009971131,1.0,1.0,1.0,0.0,0.0,1.0,5.0,0.0,0.0,10.0,1.0,0.0,0.0,1.0,0.04590734314288315,1.0,0.0,0.0,0.07877739316829638,0.007634618160815665,1.0,1.0,0.8,0.888888888888889,0.0,0.2,1.0,4.0,0.0,1.0,10.0,0.8528028654224417,1.0,0.06666666666666667,1.0,0.060050886355651235,0.0,0.0,0.0,0.102522492966465,0.012398896971891355,1.0,1.0,1.0,1.0,0.0,0.0,1.0,5.0,0.0,0.0,10.0,1.0,0.0,0.0,1.0,0.05886484120963309,1.0,0.0,0.0,0.10085871590667661,0.010552914705479545,1.0,1.0,0.0,0.0,0.8333333333333334,0.9090909090909091,0.8695652173913043
latent_variable_determination2,temporal_data,1,ok,6.0,6.0,0.0,1.0,0.9722222222222222,0.9859154929577464,0.966824644549763,0.9483066768153975,0.9020296907727626,5.689719354504912,5.517346530224962,5.559583170900608,0.6224206349206348,0.4052065049909288,0.7142857142857143,1.0,0.8333333333333333,0.2857142857142857,0.0,0.8,5.0,2.0,0.0,8.0,0.7559289460184545,2.0,0.13333333333333333,1.0,0.058094351871474284,0.0,1.0,2.0,0.07042853500548096,0.050816742394026705,1.0,1.0,1.0,1.0,0.0,0.0,1.0,5.0,0.0,0.0,10.0,1.0,0.0,0.0,1.0,0.061208646138959856,1.0,0.0,0.0,0.0919405586510367,0.037325787074276785,1.0,1.0,1.0,1.0,0.0,0.0,1.0,5.0,0.0,0.0,10.0,1.0,0.0,0.0,1.0,0.061659351620051074,1.0,0.0,0.0,0.09304369803172519,0.03707085906204776,1.0,1.0,0.0,0.0,1.0,0.9090909090909091,0.9523809523809523
latent_variable_determination2,temporal_data,2,ok,6.0,6.0,0.0,1.0,0.6111111111111112,0.7586206896551725,0.18947368421052632,0.8805823224594577,0.9067066933540948,5.529202950541212,5.557603091837619,5.0814565125032045,0.6083333333333333,0.24253746500471607,1.0,1.0,1.0,0.0,0.0,1.0,5.0,0.0,0.0,10.0,1.0,0.0,0.0,1.0,0.06278669119394364,1.0,0.0,0.0,0.10233806544339275,0.026013709217975665,1.0,1.0,1.0,1.0,0.0,0.0,1.0,5.0,0.0,0.0,10.0,1.0,0.0,0.0,1.0,0.0518520017430801,1.0,0.0,0.0,0.08564588288231034,0.01911377774803722,1.0,1.0,0.8,0.888888888888889,0.0,0.2,1.0,4.0,0.0,1.0,10.0,0.8528028654224417,1.0,0.06666666666666667,1.0,0.1121808196370788,0.0,0.0,0.0,0.1943028792461409,0.0,1.0,0.5,1.0,0.0,0.9090909090909091,0.9090909090909091,0.9090909090909091
latent_variable_determination2,temporal_data,3,ok,6.0,6.0,0.0,1.0,1.0,1.0,1.0,0.9553866518947314,0.9127998532069288,5.652835479814709,5.78588632829555,5.78588632829555,0.8566666666666667,0.16763806600647513,1.0,1.0,1.0,0.0,0.0,1.0,5.0,0.0,0.0,10.0,1.0,0.0,0.0,1.0,0.0536909080938294,1.0,0.0,0.0,0.09290840731306725,0.0028432979415899196,1.0,1.0,1.0,1.0,0.0,0.0,1.0,5.0,0.0,0.0,10.0,1.0,0.0,0.0,1.0,0.049553740791236034,1.0,0.0,0.0,0.08425752083049885,0.011562652436034802,1.0,1.0,1.0,1.0,0.0,0.0,1.0,5.0,0.0,0.0,10.0,1.0,0.0,0.0,1.0,0.049553740791236034,1.0,0.0,0.0,0.08425752083049885,0.011562652436034802,1.0,1.0,0.0,0.0,0.9090909090909091,0.9090909090909091,0.9090909090909091
latent_variable_determination2,temporal_data,4,ok,6.0,6.0,0.0,0.9722222222222222,0.9722222222222222,0.9722222222222222,0.9004739336492891,0.9484327286365063,0.9026252944016294,5.870996950114762,5.958330787719081,5.903699449418181,0.795,0.4107907569996314,0.8333333333333334,1.0,0.9090909090909091,0.16666666666666666,0.0,0.9,5.0,1.0,0.0,9.0,0.8660254037844386,1.0,0.06666666666666667,1.0,0.05260746202078549,0.0,1.0,1.0,0.07345868838147367,0.03812122953210396,1.0,1.0,1.0,1.0,0.0,0.0,1.0,5.0,0.0,0.0,10.0,1.0,0.0,0.0,1.0,0.05602740514435538,1.0,0.0,0.0,0.09462506718565708,0.01522016822737357,1.0,1.0,1.0,1.0,0.0,0.0,1.0,5.0,0.0,0.0,10.0,1.0,0.0,0.0,1.0,0.059930083325858474,1.0,0.0,0.0,0.10187103951135199,0.014091415315886216,1.0,1.0,0.0,0.0,0.9166666666666666,1.0,0.9565217391304348
