method,scenario,seed,status,global_search_p,critical_score,n_true_breaks_all,n_true_breaks_B,n_raw_breaks,n_B_breaks,segment_ari,segment_nmi,boundary_displacement,segment_relevance_precision,segment_relevance_recall,segment_relevance_f1,segment_relevance_loss_gain,pooled_AR_test_loss,pooled_VARX_test_loss,piecewise_VARX_test_loss,oracle_piecewise_VARX_test_loss,VARX_improvement_over_AR,piecewise_improvement_over_VARX,oracle_improvement_recovered,false_B_attribution,delta_B_relative_error,runtime_seconds,raw_break_precision,raw_break_recall,raw_break_f1,raw_break_fdr,raw_break_count_error,raw_break_exact_set,raw_break_localization_mae,raw_break_localization_median,raw_break_localization_rmse,raw_break_localization_normalized,raw_break_any_detection,B_break_precision,B_break_recall,B_break_f1,B_break_fdr,B_break_count_error,B_break_exact_set,B_break_localization_mae,B_break_localization_median,B_break_localization_rmse,B_break_localization_normalized,B_break_any_detection,relative_A_error,relative_B_error,B_support_precision,B_support_recall,B_support_f1,B_support_fdr,B_sign_accuracy,B_nonzero_rmse,bootstrap_B_break_jaccard,bootstrap_any_raw_break_frequency,bootstrap_any_B_break_frequency,bootstrap_mean_B_break_count,bootstrap_retained_B_change_probability
temporal_split_detection_method,complete_null,0,ok,0.75,0.0,0.0,0.0,0.0,0.0,1.0,1.0,0.0,1.0,1.0,1.0,0.49964856807238134,0.7921635171134209,0.3764613628905051,0.3764613628905051,0.3764613628905051,0.41570215422291584,0.0,,0.0,,0.29331810800067615,1.0,1.0,1.0,0.0,0.0,1.0,,,,,0.0,1.0,1.0,1.0,0.0,0.0,1.0,,,,,0.0,0.07713343528782317,0.08884779820244362,1.0,0.6666666666666666,0.8,0.0,1.0,0.026059548821596272,1.0,0.0,0.0,0.0,
temporal_split_detection_method,complete_null,1,ok,0.2,0.0,0.0,0.0,0.0,0.0,1.0,1.0,0.0,1.0,1.0,1.0,0.17636437855642467,0.9586877651861424,0.787230322742633,0.787230322742633,0.787230322742633,0.17145744244350936,0.0,,0.0,,0.31804500600264873,1.0,1.0,1.0,0.0,0.0,1.0,,,,,0.0,1.0,1.0,1.0,0.0,0.0,1.0,,,,,0.0,0.2525904930094589,0.23217133498054804,1.0,0.8571428571428571,0.923076923076923,0.0,1.0,0.03706283809987694,1.0,0.0,0.0,0.0,
temporal_split_detection_method,complete_null,2,ok,0.3,0.0,0.0,0.0,0.0,0.0,1.0,1.0,0.0,1.0,1.0,1.0,0.28031576886107806,0.7151879786479549,0.5357725860465364,0.5357725860465364,0.5357725860465364,0.17941539260141848,0.0,,0.0,,0.2875884630047949,1.0,1.0,1.0,0.0,0.0,1.0,,,,,0.0,1.0,1.0,1.0,0.0,0.0,1.0,,,,,0.0,0.07662047578636925,0.15909018591989338,1.0,0.8333333333333334,0.9090909090909091,0.0,1.0,0.032718056562106315,1.0,0.0,0.0,0.0,
temporal_split_detection_method,complete_null,3,ok,0.05,0.0,0.0,0.0,0.0,0.0,1.0,1.0,0.0,1.0,1.0,1.0,0.08274962632551942,0.6889161391212472,0.6385001503069616,0.6385001503069616,0.6385001503069616,0.05041598881428555,0.0,,0.0,,0.32258871900558006,1.0,1.0,1.0,0.0,0.0,1.0,,,,,0.0,1.0,1.0,1.0,0.0,0.0,1.0,,,,,0.0,0.09061307950347178,0.41575519454078286,1.0,1.0,1.0,0.0,1.0,0.032074940062712706,1.0,0.0,0.0,0.0,
temporal_split_detection_method,complete_null,4,ok,0.35,0.0,0.0,0.0,0.0,0.0,1.0,1.0,0.0,1.0,1.0,1.0,0.25922586372237305,0.7556382031753675,0.5685077632936837,0.5685077632936837,0.5685077632936837,0.18713043988168376,0.0,,0.0,,0.27369675200316124,1.0,1.0,1.0,0.0,0.0,1.0,,,,,0.0,1.0,1.0,1.0,0.0,0.0,1.0,,,,,0.0,0.11541954040793906,0.21389493630024245,1.0,0.5,0.6666666666666666,0.0,1.0,0.03376799097743415,1.0,0.0,0.0,0.0,
temporal_split_detection_method,one_B_break,0,ok,0.05,0.0,1.0,1.0,1.0,1.0,0.9942857026573217,0.9858658095423244,0.0014285714285714457,1.0,1.0,1.0,0.5863852661338769,0.8026330930795659,0.3808859194676833,0.31422399020602115,0.3127655888819256,0.4217471736118826,0.06666192926166215,0.9785908067157789,0.0,0.15495166168282115,0.2883835239917971,1.0,1.0,1.0,0.0,0.0,0.0,1.0,1.0,1.0,0.0014285714285714286,1.0,1.0,1.0,1.0,0.0,0.0,0.0,1.0,1.0,1.0,0.0014285714285714286,1.0,0.12599189589180074,0.08813713193713753,1.0,0.7692307692307693,0.8695652173913044,0.0,1.0,0.026985120260453816,0.6,1.0,1.0,1.0,0.8
temporal_split_detection_method,one_B_break,1,ok,0.05,0.0,1.0,1.0,1.0,1.0,0.9942857026573217,0.9858658095423244,0.0014285714285714457,1.0,1.0,1.0,0.3444443946261663,0.9732068156899562,0.7132464646886105,0.6014862531670585,0.6011760538310819,0.2599603510013456,0.11176021152155202,0.9972321031608334,0.0,0.31165511255472944,0.29951493900443893,1.0,1.0,1.0,0.0,0.0,0.0,1.0,1.0,1.0,0.0014285714285714286,1.0,1.0,1.0,1.0,0.0,0.0,0.0,1.0,1.0,1.0,0.0014285714285714286,1.0,0.3272991999781228,0.23011429514931034,0.9333333333333333,0.8235294117647058,0.8749999999999999,0.06666666666666667,1.0,0.05263255183126118,1.0,1.0,1.0,1.0,1.0
temporal_split_detection_method,one_B_break,2,ok,0.05,0.0,1.0,1.0,1.0,1.0,0.9942857026573217,0.9858658095423244,0.0014285714285714457,1.0,1.0,1.0,0.4342484370055846,0.6826708697879443,0.482389241134916,0.3893957994867632,0.3897528136553423,0.20028162865302834,0.09299344164815276,1.0038539285062327,0.0,0.22664669787600225,0.2925570919906022,1.0,1.0,1.0,0.0,0.0,0.0,1.0,1.0,1.0,0.0014285714285714286,1.0,1.0,1.0,1.0,0.0,0.0,0.0,1.0,1.0,1.0,0.0014285714285714286,1.0,0.1761830537677661,0.16102604074663748,1.0,0.9333333333333333,0.9655172413793104,0.0,1.0,0.035311624063592374,0.6,1.0,1.0,1.0,0.8
temporal_split_detection_method,one_B_break,3,ok,0.05,0.0,1.0,1.0,1.0,1.0,0.9659594786908223,0.9373458760056381,0.008571428571428563,1.0,1.0,1.0,0.34564974319004016,0.5294360037195259,0.4029003652872131,0.3250403729123779,0.32201384000224254,0.1265356384323128,0.07785999237483521,0.962582977826373,0.0,0.25361632287308883,0.28979020701081026,1.0,1.0,1.0,0.0,0.0,0.0,6.0,6.0,6.0,0.008571428571428572,1.0,1.0,1.0,1.0,0.0,0.0,0.0,6.0,6.0,6.0,0.008571428571428572,1.0,0.1409429974019209,0.24285976980073898,1.0,0.6666666666666666,0.8,0.0,1.0,0.04199569073003518,1.0,1.0,1.0,1.0,1.0
temporal_split_detection_method,one_B_break,4,ok,0.05,0.0,1.0,1.0,1.0,1.0,0.9942857026573217,0.9858658095423244,0.0014285714285714457,1.0,1.0,1.0,0.36749077925346274,0.8099134621304507,0.6011276217815354,0.48492180731924267,0.4846924679973739,0.20878584034891523,0.11620581446229278,0.9980303257700516,0.0,0.20234162410663176,0.2933971510065021,1.0,1.0,1.0,0.0,0.0,0.0,1.0,1.0,1.0,0.0014285714285714286,1.0,1.0,1.0,1.0,0.0,0.0,0.0,1.0,1.0,1.0,0.0014285714285714286,1.0,0.16179549878924193,0.20112122510801897,1.0,0.5789473684210527,0.7333333333333334,0.0,1.0,0.04173799401520303,1.0,1.0,1.0,1.0,1.0
temporal_split_detection_method,several_B_breaks,0,ok,0.05,0.0,2.0,2.0,0.0,0.0,0.0,0.0,0.6657142857142857,1.0,1.0,1.0,0.48191983844633046,0.8102526711355735,0.4037886885058111,0.4037886885058111,0.34349947002789855,0.4064639826297624,0.0,0.0,0.0,,0.27575023799727205,0.0,0.0,0.0,0.0,2.0,0.0,,,,,0.0,0.0,0.0,0.0,0.0,2.0,0.0,,,,,0.0,0.09429785419135268,0.47180778543303115,1.0,0.7142857142857143,0.8333333333333333,0.0,1.0,0.1847362883886291,1.0,0.0,0.0,0.0,
temporal_split_detection_method,several_B_breaks,1,ok,0.05,0.0,2.0,2.0,0.0,0.0,0.0,0.0,0.6657142857142857,1.0,1.0,1.0,0.21471422713000707,0.9773423040683292,0.7728311752041398,0.7728311752041398,0.66645984559351,0.20451112886418943,0.0,0.0,0.0,,0.2768154119985411,0.0,0.0,0.0,0.0,2.0,0.0,,,,,0.0,0.0,0.0,0.0,0.0,2.0,0.0,,,,,0.0,0.207589568320861,0.5902087522188963,1.0,0.7,0.8235294117647058,0.0,1.0,0.2797013286962162,1.0,0.0,0.0,0.0,
temporal_split_detection_method,several_B_breaks,2,ok,0.05,0.0,2.0,2.0,0.0,0.0,0.0,0.0,0.6657142857142857,1.0,1.0,1.0,0.3114779048579899,0.6829415370163017,0.5159769226947991,0.5159769226947991,0.44221767926119004,0.16696461432150256,0.0,0.0,0.0,,0.29592786698776763,0.0,0.0,0.0,0.0,2.0,0.0,,,,,0.0,0.0,0.0,0.0,0.0,2.0,0.0,,,,,0.0,0.19582754227384694,0.5369800459125792,1.0,0.7777777777777778,0.8750000000000001,0.0,1.0,0.24032270712099318,1.0,0.0,0.0,0.0,
temporal_split_detection_method,several_B_breaks,3,ok,0.05,0.0,2.0,2.0,0.0,0.0,0.0,0.0,0.6657142857142857,1.0,1.0,1.0,0.16755189561314915,0.5529841504909537,0.46040480239916187,0.46040480239916187,0.4021040164088579,0.09257934809179186,0.0,0.0,0.0,,0.2774875309987692,0.0,0.0,0.0,0.0,2.0,0.0,,,,,0.0,0.0,0.0,0.0,0.0,2.0,0.0,,,,,0.0,0.10848056680714992,0.6236411658485742,1.0,0.4444444444444444,0.6153846153846153,0.0,1.0,0.2614735709019628,1.0,0.0,0.0,0.0,
temporal_split_detection_method,several_B_breaks,4,ok,0.05,0.0,2.0,2.0,0.0,0.0,0.0,0.0,0.6657142857142857,1.0,1.0,1.0,0.22867092229063013,0.7945597240332298,0.6155165890449718,0.6155165890449718,0.5228196462103804,0.17904313498825808,0.0,0.0,0.0,,0.28570946300169453,0.0,0.0,0.0,0.0,2.0,0.0,,,,,0.0,0.0,0.0,0.0,0.0,2.0,0.0,,,,,0.0,0.2014104236929835,0.6928669019268858,1.0,0.36363636363636365,0.5333333333333333,0.0,0.75,0.25666197840823946,1.0,0.0,0.0,0.0,
temporal_split_detection_method,weak_B_break,0,ok,0.05,0.0,1.0,1.0,0.0,0.0,0.0,0.0,0.5,1.0,1.0,1.0,0.5011332944953605,0.7926394471947208,0.375401349457523,0.375401349457523,0.3681837944108422,0.4172380977371978,0.0,0.0,0.0,,0.3008548929938115,0.0,0.0,0.0,0.0,1.0,0.0,,,,,0.0,0.0,0.0,0.0,0.0,1.0,0.0,,,,,0.0,0.08774615692088637,0.16896562577655216,1.0,0.8333333333333334,0.9090909090909091,0.0,0.9,0.05511928150523344,1.0,0.0,0.0,0.0,
temporal_split_detection_method,weak_B_break,1,ok,0.05,0.0,1.0,1.0,0.0,0.0,0.0,0.0,0.5,1.0,1.0,1.0,0.19919392742279862,0.9588518117759414,0.7633881946957265,0.7633881946957265,0.7640944133204574,0.19546361708021487,0.0,-0.0,0.0,,0.3133685089997016,0.0,0.0,0.0,0.0,1.0,0.0,,,,,0.0,0.0,0.0,0.0,0.0,1.0,0.0,,,,,0.0,0.21232694454770293,0.3634541427876164,0.8571428571428571,0.8571428571428571,0.8571428571428571,0.14285714285714285,1.0,0.061274975369125434,1.0,0.0,0.0,0.0,
temporal_split_detection_method,weak_B_break,2,ok,0.05,0.0,1.0,1.0,0.0,0.0,0.0,0.0,0.5,1.0,1.0,1.0,0.29638965588139293,0.7143534925682924,0.5351685250006818,0.5351685250006818,0.5216116527013436,0.1791849675676106,0.0,0.0,0.0,,0.31258235800487455,0.0,0.0,0.0,0.0,1.0,0.0,,,,,0.0,0.0,0.0,0.0,0.0,1.0,0.0,,,,,0.0,0.0740022315532764,0.34603607847907225,0.8571428571428571,1.0,0.923076923076923,0.14285714285714285,0.8333333333333334,0.09900687880478519,1.0,0.0,0.0,0.0,
temporal_split_detection_method,weak_B_break,3,ok,0.05,0.0,1.0,1.0,0.0,0.0,0.0,0.0,0.5,1.0,1.0,1.0,0.1221980982929731,0.6425509061126875,0.569824721703042,0.569824721703042,0.5657124989790786,0.07272618440964551,0.0,0.0,0.0,,0.32849879999412224,0.0,0.0,0.0,0.0,1.0,0.0,,,,,0.0,0.0,0.0,0.0,0.0,1.0,0.0,,,,,0.0,0.07969150614528857,0.7577009236477406,0.75,1.0,0.8571428571428571,0.25,1.0,0.10114829604190177,1.0,0.0,0.0,0.0,
temporal_split_detection_method,weak_B_break,4,ok,0.05,0.0,1.0,1.0,0.0,0.0,0.0,0.0,0.5,1.0,1.0,1.0,0.244277257881056,0.7673022024582329,0.5857422118989346,0.5857422118989346,0.5768308595162986,0.18155999055929828,0.0,0.0,0.0,,0.2787949170015054,0.0,0.0,0.0,0.0,1.0,0.0,,,,,0.0,0.0,0.0,0.0,0.0,1.0,0.0,,,,,0.0,0.12291889140773325,0.2877880306767691,1.0,0.5,0.6666666666666666,0.0,1.0,0.05922722637366327,1.0,0.0,0.0,0.0,
temporal_split_detection_method,A_only_break,0,ok,0.05,0.0,1.0,0.0,1.0,0.0,0.9105334998353786,0.8651919928944519,0.02285714285714291,1.0,1.0,1.0,0.37279504834292126,0.9593540925752494,0.64511383347149,0.6095563274974772,0.5987010142093703,0.3142402591037594,0.03555750597401275,0.766113899980934,0.0,,0.2989534740045201,0.0,0.0,0.0,1.0,0.0,0.0,,,,,1.0,1.0,1.0,1.0,0.0,0.0,1.0,,,,,0.0,0.23802015109653388,0.2108785872944278,0.9090909090909091,0.625,0.7407407407407406,0.09090909090909091,1.0,0.0503664748681022,1.0,1.0,1.0,1.0,
temporal_split_detection_method,A_only_break,1,ok,0.4,0.0,1.0,0.0,0.0,0.0,0.0,0.0,0.5,1.0,1.0,1.0,0.2529929547715171,0.947725290129782,0.7091219744071978,0.7091219744071978,0.7069599662144386,0.2386033157225842,0.0,0.0,0.0,,0.2783662059955532,0.0,0.0,0.0,0.0,1.0,0.0,,,,,0.0,1.0,1.0,1.0,0.0,0.0,1.0,,,,,0.0,0.3685856559609574,0.18765411521704534,1.0,1.0,1.0,0.0,1.0,0.02333750453060763,1.0,0.0,0.0,0.0,
temporal_split_detection_method,A_only_break,2,ok,0.05,0.0,1.0,0.0,1.0,0.0,0.9772409141470718,0.9548900192035227,0.005714285714285672,1.0,1.0,1.0,0.26962295475135517,0.8909575485609951,0.7618752738054076,0.6546884004183487,0.6429820299692266,0.12908227475558742,0.1071868733870589,0.9015388085024246,0.0,,0.28504264500224963,1.0,1.0,1.0,0.0,0.0,0.0,4.0,4.0,4.0,0.005714285714285714,1.0,1.0,1.0,1.0,0.0,0.0,1.0,,,,,0.0,0.15369730944346635,0.33257559800340575,0.8571428571428571,0.75,0.7999999999999999,0.14285714285714285,1.0,0.04975426633921015,0.6,1.0,0.8,0.8,
temporal_split_detection_method,A_only_break,3,ok,0.05,0.0,1.0,0.0,1.0,0.0,0.9942857026573217,0.9858658095423244,0.0014285714285714457,1.0,1.0,1.0,0.34962832824520007,0.5905035297424962,0.423963158725327,0.32204215559598764,0.31988568650583277,0.16654037101716918,0.10192100312933938,0.9792801550213769,0.0,,0.29520943100214936,1.0,1.0,1.0,0.0,0.0,0.0,1.0,1.0,1.0,0.0014285714285714286,1.0,1.0,1.0,1.0,0.0,0.0,1.0,,,,,0.0,0.11976170329687412,0.17712090674598768,1.0,0.8,0.888888888888889,0.0,1.0,0.02478962654889833,0.4,1.0,0.4,0.4,
temporal_split_detection_method,A_only_break,4,ok,0.05,0.0,1.0,0.0,1.0,0.0,0.9942857026573217,0.9858658095423244,0.0014285714285714457,1.0,1.0,1.0,0.36871289117620887,0.7781663141011411,0.5488918681003218,0.4214458547481377,0.4204664179046271,0.22927444600081937,0.12744601335218403,0.9923734988507482,0.0,,0.3180009009956848,1.0,1.0,1.0,0.0,0.0,0.0,1.0,1.0,1.0,0.0014285714285714286,1.0,1.0,1.0,1.0,0.0,0.0,1.0,,,,,0.0,0.10897154614822052,0.20618145580288705,1.0,0.4375,0.6086956521739131,0.0,1.0,0.03928000795097536,0.6,1.0,0.8,0.8,
temporal_split_detection_method,intercept_only_break,0,ok,0.05,0.0,1.0,0.0,1.0,0.0,0.9942857026573217,0.9858658095423244,0.0014285714285714457,1.0,1.0,1.0,0.5437892741564507,0.7245983306820604,0.37431350909980976,0.2727539241289591,0.27101793852937095,0.3502848215822506,0.10155958497085066,0.9831939976709422,0.0,,0.3166960249945987,1.0,1.0,1.0,0.0,0.0,0.0,1.0,1.0,1.0,0.0014285714285714286,1.0,1.0,1.0,1.0,0.0,0.0,1.0,,,,,0.0,0.16098755258836775,0.09619739130194954,1.0,0.7083333333333334,0.8292682926829268,0.0,1.0,0.025621713423307258,0.4,1.0,0.6,0.6,
temporal_split_detection_method,intercept_only_break,1,ok,0.05,0.0,1.0,0.0,1.0,1.0,0.9942857026573217,0.9858658095423244,0.0014285714285714457,1.0,1.0,1.0,0.19989426396480214,0.7654566127148815,0.665923413581445,0.5292272967425838,0.5276849347173312,0.0995331991334365,0.13669611683886118,0.9888427445243468,1.0,,0.29134063801029697,1.0,1.0,1.0,0.0,0.0,0.0,1.0,1.0,1.0,0.0014285714285714286,1.0,0.0,1.0,0.0,1.0,1.0,0.0,,,,,1.0,0.3752468644866183,0.34873329687687094,0.9090909090909091,0.7142857142857143,0.8,0.09090909090909091,1.0,0.05115081029173252,1.0,1.0,1.0,1.0,1.0
temporal_split_detection_method,intercept_only_break,2,ok,0.05,0.0,1.0,0.0,1.0,0.0,0.9772409141470718,0.9548900192035227,0.005714285714285672,1.0,1.0,1.0,0.2958514086324522,0.6115730518123673,0.4779468718501714,0.39685801530054166,0.39214506649004527,0.13362617996219595,0.08108885654962972,0.9450716824580174,0.0,,0.29031272399879526,1.0,1.0,1.0,0.0,0.0,0.0,4.0,4.0,4.0,0.005714285714285714,1.0,1.0,1.0,1.0,0.0,0.0,1.0,,,,,0.0,0.20470627515776496,0.22032484233407082,1.0,0.8333333333333334,0.9090909090909091,0.0,1.0,0.0329530469678156,0.6,1.0,0.8,0.8,
temporal_split_detection_method,intercept_only_break,3,ok,0.05,0.0,1.0,0.0,1.0,1.0,0.9942857026573217,0.9858658095423244,0.0014285714285714457,1.0,1.0,1.0,0.10721067835320977,0.479120511144924,0.45034619992595176,0.40750085174005807,0.40654152097619917,0.028774311218972226,0.042845348185893695,0.9780998106398787,1.0,,0.2942269060004037,1.0,1.0,1.0,0.0,0.0,0.0,1.0,1.0,1.0,0.0014285714285714286,1.0,0.0,1.0,0.0,1.0,1.0,0.0,,,,,1.0,0.19111171989984746,0.6474848405599212,0.8,0.6666666666666666,0.7272727272727272,0.2,1.0,0.059073285663908445,1.0,1.0,1.0,1.0,1.0
temporal_split_detection_method,intercept_only_break,4,ok,0.05,0.0,1.0,0.0,1.0,0.0,0.9942857026573217,0.9858658095423244,0.0014285714285714457,1.0,1.0,1.0,0.2612094875788479,0.770860756698924,0.6618440223413634,0.47767781786737046,0.47673062491422247,0.10901673435756054,0.18416620447399296,0.9948831744956721,0.0,,0.2895784790016478,1.0,1.0,1.0,0.0,0.0,0.0,1.0,1.0,1.0,0.0014285714285714286,1.0,1.0,1.0,1.0,0.0,0.0,1.0,,,,,0.0,0.15756320451800526,0.2797097191786021,0.8888888888888888,0.5,0.64,0.1111111111111111,1.0,0.03706445362583213,0.4,1.0,0.6,0.6,
temporal_split_detection_method,noise_only_break,0,ok,0.45,0.0,1.0,0.0,0.0,0.0,0.0,0.0,0.5,1.0,1.0,1.0,0.34844804954151903,0.8445141230544945,0.5312263873928131,0.5312263873928131,0.5352360152523605,0.31328773566168133,0.0,-0.0,0.0,,0.2597320019995095,0.0,0.0,0.0,0.0,1.0,0.0,,,,,0.0,1.0,1.0,1.0,0.0,0.0,1.0,,,,,0.0,0.08374105882272335,0.13671293466023599,1.0,0.6666666666666666,0.8,0.0,1.0,0.03394745015960553,1.0,0.0,0.0,0.0,
temporal_split_detection_method,noise_only_break,1,ok,0.3,0.0,1.0,0.0,0.0,0.0,0.0,0.0,0.5,1.0,1.0,1.0,0.09028428435246688,0.9450878845947752,0.8606027437297804,0.8606027437297804,0.8849842981237592,0.08448514086499481,0.0,-0.0,0.0,,0.2691579759994056,0.0,0.0,0.0,0.0,1.0,0.0,,,,,0.0,1.0,1.0,1.0,0.0,0.0,1.0,,,,,0.0,0.27845217655500004,0.39501477143056307,1.0,0.5714285714285714,0.7272727272727273,0.0,1.0,0.04727329191209915,1.0,0.0,0.0,0.0,
temporal_split_detection_method,noise_only_break,2,ok,0.4,0.0,1.0,0.0,0.0,0.0,0.0,0.0,0.5,1.0,1.0,1.0,0.18666762292844513,0.7646845343489383,0.6456487117879135,0.6456487117879135,0.6504122934081855,0.11903582256102485,0.0,-0.0,0.0,,0.2888575910037616,0.0,0.0,0.0,0.0,1.0,0.0,,,,,0.0,1.0,1.0,1.0,0.0,0.0,1.0,,,,,0.0,0.15536458033132475,0.21305030101296563,1.0,0.8333333333333334,0.9090909090909091,0.0,1.0,0.03181579797328109,1.0,0.0,0.0,0.0,
temporal_split_detection_method,noise_only_break,3,ok,0.05,0.0,1.0,0.0,0.0,0.0,0.0,0.0,0.5,1.0,1.0,1.0,0.042433588651005626,0.7184119422343648,0.6884894149958476,0.6884894149958476,0.7062637890135409,0.029922527238517183,0.0,-0.0,0.0,,0.2873307889967691,0.0,0.0,0.0,0.0,1.0,0.0,,,,,0.0,1.0,1.0,1.0,0.0,0.0,1.0,,,,,0.0,0.11359204903294982,0.6029809484417443,1.0,1.0,1.0,0.0,1.0,0.0392622359599594,1.0,0.0,0.0,0.0,
temporal_split_detection_method,noise_only_break,4,ok,0.05,0.0,1.0,0.0,0.0,0.0,0.0,0.0,0.5,1.0,1.0,1.0,0.15602406681992492,0.7624291215527564,0.6590655024534514,0.6590655024534514,0.6692119422503598,0.10336361909930503,0.0,-0.0,0.0,,0.2813695799995912,0.0,0.0,0.0,0.0,1.0,0.0,,,,,0.0,1.0,1.0,1.0,0.0,0.0,1.0,,,,,0.0,0.14705465928912517,0.30526644197112235,1.0,0.25,0.4,0.0,1.0,0.03662994339448765,1.0,0.0,0.0,0.0,
temporal_split_detection_method,X_process_break,0,ok,0.9,0.0,0.0,0.0,0.0,0.0,1.0,1.0,0.0,1.0,1.0,1.0,0.5182155330952086,0.7277533625721847,0.32407843039160567,0.32407843039160567,0.32407843039160567,0.40367493218057904,0.0,,0.0,,0.2805921700055478,1.0,1.0,1.0,0.0,0.0,1.0,,,,,0.0,1.0,1.0,1.0,0.0,0.0,1.0,,,,,0.0,0.06139334174315129,0.07761283674000825,1.0,0.6666666666666666,0.8,0.0,1.0,0.02450760202044217,1.0,0.0,0.0,0.0,
temporal_split_detection_method,X_process_break,1,ok,0.15,0.0,0.0,0.0,0.0,0.0,1.0,1.0,0.0,1.0,1.0,1.0,0.20809402907909022,0.9753248950333244,0.7705021905616228,0.7705021905616228,0.7705021905616228,0.2048227044717016,0.0,,0.0,,0.2917138100019656,1.0,1.0,1.0,0.0,0.0,1.0,,,,,0.0,1.0,1.0,1.0,0.0,0.0,1.0,,,,,0.0,0.24916607364150709,0.216723849833334,1.0,0.8571428571428571,0.923076923076923,0.0,1.0,0.03507925990449323,1.0,0.0,0.0,0.0,
temporal_split_detection_method,X_process_break,2,ok,0.25,0.0,0.0,0.0,0.0,0.0,1.0,1.0,0.0,1.0,1.0,1.0,0.26254039288248315,0.6448214168568196,0.4781918841595989,0.4781918841595989,0.4781918841595989,0.1666295326972207,0.0,,0.0,,0.30982781200145837,1.0,1.0,1.0,0.0,0.0,1.0,,,,,0.0,1.0,1.0,1.0,0.0,0.0,1.0,,,,,0.0,0.0711406298307912,0.13421683030304443,1.0,0.8333333333333334,0.9090909090909091,0.0,1.0,0.026581335817935654,1.0,0.0,0.0,0.0,
temporal_split_detection_method,X_process_break,3,ok,0.05,0.0,0.0,0.0,0.0,0.0,1.0,1.0,0.0,1.0,1.0,1.0,0.09407032949962282,0.6667879527446182,0.6101002694313008,0.6101002694313008,0.6101002694313008,0.056687683313317416,0.0,,0.0,,0.30149660499591846,1.0,1.0,1.0,0.0,0.0,1.0,,,,,0.0,1.0,1.0,1.0,0.0,0.0,1.0,,,,,0.0,0.09512473562563678,0.35925987009987925,1.0,1.0,1.0,0.0,1.0,0.03130099413979581,1.0,0.0,0.0,0.0,
temporal_split_detection_method,X_process_break,4,ok,0.5,0.0,0.0,0.0,0.0,0.0,1.0,1.0,0.0,1.0,1.0,1.0,0.28956090721836036,0.740338447425059,0.5384200291427118,0.5384200291427118,0.5384200291427118,0.20191841828234725,0.0,,0.0,,0.2898238640045747,1.0,1.0,1.0,0.0,0.0,1.0,,,,,0.0,1.0,1.0,1.0,0.0,0.0,1.0,,,,,0.0,0.11794712833414005,0.20201211993245885,1.0,0.5,0.6666666666666666,0.0,1.0,0.03365866178479699,1.0,0.0,0.0,0.0,
temporal_split_detection_method,mixed_A_B_break,0,ok,0.05,0.0,1.0,1.0,1.0,1.0,0.9942857026573217,0.9858658095423244,0.0014285714285714457,1.0,1.0,1.0,0.4495326280639162,0.9348635236466882,0.6728192069039896,0.5107534829961564,0.5108974637754318,0.2620443167426987,0.16206572390783314,1.000889199785609,0.0,0.22236398418603137,0.34145135300059337,1.0,1.0,1.0,0.0,0.0,0.0,1.0,1.0,1.0,0.0014285714285714286,1.0,1.0,1.0,1.0,0.0,0.0,0.0,1.0,1.0,1.0,0.0014285714285714286,1.0,0.1893461425881747,0.1703195623557432,1.0,0.7272727272727273,0.8421052631578948,0.0,1.0,0.05051363611086232,1.0,1.0,1.0,1.0,1.0
temporal_split_detection_method,mixed_A_B_break,1,ok,0.05,0.0,1.0,1.0,1.0,1.0,0.9942857026573217,0.9858658095423244,0.0014285714285714457,1.0,1.0,1.0,0.4215794396610927,0.9173808003270603,0.6168489839693034,0.5101770513511269,0.5099905639859806,0.30053181635775683,0.10667193261817653,0.998254818242911,0.0,0.17774454243128068,0.3108796849992359,1.0,1.0,1.0,0.0,0.0,0.0,1.0,1.0,1.0,0.0014285714285714286,1.0,1.0,1.0,1.0,0.0,0.0,0.0,1.0,1.0,1.0,0.0014285714285714286,1.0,0.19453941437971647,0.15290699663311555,1.0,0.8888888888888888,0.9411764705882353,0.0,1.0,0.03171993607721139,1.0,1.0,1.0,1.0,1.0
temporal_split_detection_method,mixed_A_B_break,2,ok,0.05,0.0,1.0,1.0,1.0,1.0,0.9942857026573217,0.9858658095423244,0.0014285714285714457,1.0,1.0,1.0,0.43699127127979587,0.8437359055974717,0.6429236505648627,0.43055019770182096,0.4307141097785728,0.20081225503260902,0.2123734528630417,1.000772406726599,0.0,0.19665817884592462,0.3134724470000947,1.0,1.0,1.0,0.0,0.0,0.0,1.0,1.0,1.0,0.0014285714285714286,1.0,1.0,1.0,1.0,0.0,0.0,0.0,1.0,1.0,1.0,0.0014285714285714286,1.0,0.1171012251166032,0.19909555001556736,1.0,0.7916666666666666,0.8837209302325582,0.0,1.0,0.036436412034142815,1.0,1.0,1.0,1.0,1.0
temporal_split_detection_method,mixed_A_B_break,3,ok,0.05,0.0,1.0,1.0,1.0,1.0,0.9942857026573217,0.9858658095423244,0.0014285714285714457,1.0,1.0,1.0,0.4003135777395541,0.5691255876211321,0.4109628666311431,0.2894871657160032,0.2876663102952164,0.15816272098998896,0.12147570091513993,0.9852319036727529,0.0,0.24400333286002138,0.31276900200464297,1.0,1.0,1.0,0.0,0.0,0.0,1.0,1.0,1.0,0.0014285714285714286,1.0,1.0,1.0,1.0,0.0,0.0,0.0,1.0,1.0,1.0,0.0014285714285714286,1.0,0.12710639469546364,0.1561874898639814,1.0,0.75,0.8571428571428571,0.0,1.0,0.02058438554128038,1.0,1.0,1.0,1.0,1.0
temporal_split_detection_method,mixed_A_B_break,4,ok,0.05,0.0,1.0,1.0,1.0,1.0,0.9942857026573217,0.9858658095423244,0.0014285714285714457,1.0,1.0,1.0,0.45161205307655206,0.8112280336215241,0.5442967759110964,0.3762881949528562,0.37457526132092395,0.2669312577104277,0.16800858095824017,0.9899073866028801,0.0,0.16933410713927557,0.3180480540031567,1.0,1.0,1.0,0.0,0.0,0.0,1.0,1.0,1.0,0.0014285714285714286,1.0,1.0,1.0,1.0,0.0,0.0,0.0,1.0,1.0,1.0,0.0014285714285714286,1.0,0.10050847389681176,0.16367426511351185,1.0,0.6,0.7499999999999999,0.0,1.0,0.036517829516597926,1.0,1.0,1.0,1.0,1.0
temporal_split_detection_method,B_zero_to_nonzero,0,ok,0.05,0.0,1.0,1.0,1.0,1.0,0.9659594786908223,0.9373458760056381,0.008571428571428563,1.0,1.0,1.0,0.28589827768664205,0.8356532788210291,0.6743176686045983,0.5108102816490457,0.5060562296367995,0.16133561021643084,0.16350738695555256,0.9717460397259765,0.0,0.13084945120921557,0.8766498080076417,1.0,1.0,1.0,0.0,0.0,0.0,6.0,6.0,6.0,0.008571428571428572,1.0,1.0,1.0,1.0,0.0,0.0,0.0,6.0,6.0,6.0,0.008571428571428572,1.0,0.17530981494933706,0.21432701774247384,1.0,0.75,0.8571428571428571,0.0,1.0,0.04227458785141256,1.0,1.0,1.0,1.0,1.0
temporal_split_detection_method,B_zero_to_nonzero,1,ok,0.05,0.0,1.0,1.0,0.0,0.0,0.0,0.0,0.5,0.0,1.0,0.0,0.05939021961126835,0.9502483807576941,0.9019363650326707,0.9019363650326707,0.8697497302435201,0.048312015725023416,0.0,0.0,0.0,,0.9398343289940385,0.0,0.0,0.0,0.0,1.0,0.0,,,,,0.0,0.0,0.0,0.0,0.0,1.0,0.0,,,,,0.0,0.18848713852414012,,0.0,1.0,0.0,1.0,,,1.0,0.0,0.0,0.0,
temporal_split_detection_method,B_zero_to_nonzero,2,ok,0.05,0.0,1.0,1.0,1.0,1.0,0.9772409141470718,0.9548900192035227,0.005714285714285672,1.0,1.0,1.0,0.18061693169590778,0.763364862292988,0.7035192322037265,0.6354487710887755,0.6338935065902108,0.05984563008926147,0.06807046111495096,0.9776625021159883,0.0,0.28770336680410563,0.9038295080099488,1.0,1.0,1.0,0.0,0.0,0.0,4.0,4.0,4.0,0.005714285714285714,1.0,1.0,1.0,1.0,0.0,0.0,0.0,4.0,4.0,4.0,0.005714285714285714,1.0,0.20998188874875146,0.4108547952298707,0.8333333333333334,0.8333333333333334,0.8333333333333334,0.16666666666666666,1.0,0.029135607156213224,0.8,1.0,1.0,1.0,1.0
temporal_split_detection_method,B_zero_to_nonzero,3,ok,0.05,0.0,1.0,1.0,0.0,0.0,0.0,0.0,0.5,0.0,1.0,0.0,0.03016999938685968,0.7166132157550464,0.7022166338677301,0.7022166338677301,0.705090458689869,0.014396581887316295,0.0,-0.0,0.0,,0.8640537790051894,0.0,0.0,0.0,0.0,1.0,0.0,,,,,0.0,0.0,0.0,0.0,0.0,1.0,0.0,,,,,0.0,0.11057663474472974,,0.0,1.0,0.0,1.0,,,1.0,0.0,0.0,0.0,
temporal_split_detection_method,B_zero_to_nonzero,4,ok,0.05,0.0,1.0,1.0,1.0,1.0,0.9772409141470718,0.9548900192035227,0.005714285714285672,1.0,1.0,1.0,0.1514973019248597,0.7754091443147102,0.7257858869089806,0.6790201774913447,0.6747772966737324,0.04962325740572959,0.046765709417635914,0.9168202689381459,0.0,0.3168211697769283,0.8340545999963069,1.0,1.0,1.0,0.0,0.0,0.0,4.0,4.0,4.0,0.005714285714285714,1.0,1.0,1.0,1.0,0.0,0.0,0.0,4.0,4.0,4.0,0.005714285714285714,1.0,0.14920647189912364,0.5310428264071098,1.0,0.5,0.6666666666666666,0.0,1.0,0.04919729577745656,0.9,1.0,1.0,1.0,1.0
temporal_split_detection_method,B_nonzero_to_zero,0,ok,0.05,0.0,1.0,1.0,1.0,1.0,0.9942857026573217,0.9858658095423244,0.0014285714285714457,1.0,1.0,1.0,0.256557612567393,0.8440422405822631,0.6949927077179998,0.5478135465409516,0.5437370014500299,0.14904953286426326,0.1471791611770482,0.9730486525665382,0.0,0.12947643525502553,0.8064324669976486,1.0,1.0,1.0,0.0,0.0,0.0,1.0,1.0,1.0,0.0014285714285714286,1.0,1.0,1.0,1.0,0.0,0.0,0.0,1.0,1.0,1.0,0.0014285714285714286,1.0,0.21081771972819124,0.1984137110155406,1.0,0.6666666666666666,0.8,0.0,1.0,0.028058614892934805,1.0,1.0,1.0,1.0,1.0
temporal_split_detection_method,B_nonzero_to_zero,1,ok,0.05,0.0,1.0,1.0,0.0,0.0,0.0,0.0,0.5,1.0,1.0,1.0,0.05237756649379182,0.9405380185995721,0.8976053973870995,0.8976053973870995,0.8918511716127681,0.042932621212472544,0.0,0.0,0.0,,0.7357504059909843,0.0,0.0,0.0,0.0,1.0,0.0,,,,,0.0,0.0,0.0,0.0,0.0,1.0,0.0,,,,,0.0,0.23646814752424808,0.5909147118936774,1.0,0.42857142857142855,0.6,0.0,1.0,0.15334365347854742,1.0,0.0,0.0,0.0,
temporal_split_detection_method,B_nonzero_to_zero,2,ok,0.05,0.0,1.0,1.0,1.0,1.0,0.9942857026573217,0.9858658095423244,0.0014285714285714457,1.0,1.0,1.0,0.16078341430838863,0.7783893560454,0.7301183826204123,0.6526244679018739,0.6523763157037091,0.04827097342498776,0.07749391471853839,0.9968080061669746,0.0,0.27005423029243314,0.9180138600058854,1.0,1.0,1.0,0.0,0.0,0.0,1.0,1.0,1.0,0.0014285714285714286,1.0,1.0,1.0,1.0,0.0,0.0,0.0,1.0,1.0,1.0,0.0014285714285714286,1.0,0.2810586727789181,0.38616159521636495,1.0,0.8333333333333334,0.9090909090909091,0.0,1.0,0.05008307238138652,1.0,1.0,1.0,1.0,1.0
temporal_split_detection_method,B_nonzero_to_zero,3,ok,0.05,0.0,1.0,1.0,0.0,0.0,0.0,0.0,0.5,1.0,1.0,1.0,0.035071865029024867,0.7144728076472244,0.6946588304459428,0.6946588304459428,0.70341220343197,0.01981397720128164,0.0,-0.0,0.0,,0.8737250950071029,0.0,0.0,0.0,0.0,1.0,0.0,,,,,0.0,0.0,0.0,0.0,0.0,1.0,0.0,,,,,0.0,0.10112986206917385,0.559647089998915,1.0,0.6666666666666666,0.8,0.0,1.0,0.08356354356406742,1.0,0.0,0.0,0.0,
temporal_split_detection_method,B_nonzero_to_zero,4,ok,0.05,0.0,1.0,1.0,0.0,0.0,0.0,0.0,0.5,1.0,1.0,1.0,0.09817060490449292,0.7640142766930973,0.71007591476303,0.71007591476303,0.6616708662572739,0.05393836193006729,0.0,0.0,0.0,,0.2903049260057742,0.0,0.0,0.0,0.0,1.0,0.0,,,,,0.0,0.0,0.0,0.0,0.0,1.0,0.0,,,,,0.0,0.11738873977022254,0.4901445889806809,1.0,0.25,0.4,0.0,1.0,0.12934914257618044,1.0,0.0,0.0,0.0,
temporal_split_detection_method,high_persistence,0,ok,0.05,0.0,1.0,1.0,1.0,1.0,0.9942857026573217,0.9858658095423244,0.0014285714285714457,1.0,1.0,1.0,0.5283373792796867,0.5631997183772327,0.2957407639281437,0.2449531444876264,0.24455920349525084,0.267458954449089,0.050787619440517295,0.9923030679595619,0.0,0.16472805258609685,0.5805100049910834,1.0,1.0,1.0,0.0,0.0,0.0,1.0,1.0,1.0,0.0014285714285714286,1.0,1.0,1.0,1.0,0.0,0.0,0.0,1.0,1.0,1.0,0.0014285714285714286,1.0,0.07423925364274099,0.09852769867062186,1.0,0.7692307692307693,0.8695652173913044,0.0,1.0,0.02553085286231314,1.0,1.0,1.0,1.0,1.0
temporal_split_detection_method,high_persistence,1,ok,0.05,0.0,1.0,1.0,1.0,1.0,0.9772409141470718,0.9548900192035227,0.005714285714285672,1.0,1.0,1.0,0.2882989891586022,0.8318023803513962,0.6708427401375204,0.5881460144357629,0.587232214727533,0.16095964021387577,0.08269672570175757,0.9890707574943578,0.0,0.38738473081732305,0.4927348760102177,1.0,1.0,1.0,0.0,0.0,0.0,4.0,4.0,4.0,0.005714285714285714,1.0,1.0,1.0,1.0,0.0,0.0,0.0,4.0,4.0,4.0,0.005714285714285714,1.0,0.1854840050489085,0.2573014542595498,0.9230769230769231,0.7058823529411765,0.8000000000000002,0.07692307692307693,1.0,0.05769823677357501,1.0,1.0,1.0,1.0,1.0
temporal_split_detection_method,high_persistence,2,ok,0.05,0.0,1.0,1.0,1.0,1.0,0.9942857026573217,0.9858658095423244,0.0014285714285714457,1.0,1.0,1.0,0.2626718968460714,0.1459215133667017,0.12063496529562821,0.09774900597497266,0.09789096443397087,0.025286548071073486,0.022885959320655555,1.0062415781577607,0.0,0.32926662094467124,0.32267544900241774,1.0,1.0,1.0,0.0,0.0,0.0,1.0,1.0,1.0,0.0014285714285714286,1.0,1.0,1.0,1.0,0.0,0.0,0.0,1.0,1.0,1.0,0.0014285714285714286,1.0,0.07846242656540608,0.2619314309771641,1.0,0.4666666666666667,0.6363636363636364,0.0,1.0,0.020006903616323107,1.0,1.0,1.0,1.0,1.0
temporal_split_detection_method,high_persistence,3,ok,0.05,0.0,1.0,1.0,1.0,1.0,0.9772409141470718,0.9548900192035227,0.005714285714285672,1.0,1.0,1.0,0.31546788382785307,0.08666311995043863,0.07075519591315088,0.05673550038492018,0.0561648952326833,0.015907924037287746,0.014019695528230701,0.9608914740872502,0.0,0.27315699074156424,0.5429246560088359,1.0,1.0,1.0,0.0,0.0,0.0,4.0,4.0,4.0,0.005714285714285714,1.0,1.0,1.0,1.0,0.0,0.0,0.0,4.0,4.0,4.0,0.005714285714285714,1.0,0.07602174842132363,0.20840614403325777,1.0,0.5,0.6666666666666666,0.0,1.0,0.018081022327572496,1.0,1.0,1.0,1.0,1.0
temporal_split_detection_method,high_persistence,4,ok,0.05,0.0,1.0,1.0,1.0,1.0,0.9942857026573217,0.9858658095423244,0.0014285714285714457,1.0,1.0,1.0,0.3257408869362219,0.4524164711806346,0.34364775020542476,0.30454948752838334,0.30418927208400215,0.10876872097520984,0.03909826267704142,0.9908710254036476,0.0,0.20698902246159132,0.39443838299484923,1.0,1.0,1.0,0.0,0.0,0.0,1.0,1.0,1.0,0.0014285714285714286,1.0,1.0,1.0,1.0,0.0,0.0,0.0,1.0,1.0,1.0,0.0014285714285714286,1.0,0.09598611903960738,0.23754789357095119,1.0,0.47368421052631576,0.6428571428571429,0.0,1.0,0.04486397695438151,1.0,1.0,1.0,1.0,1.0
temporal_split_detection_method,high_dimensional,0,ok,0.05,0.0,1.0,1.0,0.0,0.0,0.0,0.0,0.5,1.0,1.0,1.0,0.6144443351161382,0.7752036165038998,0.3234358333616686,0.3234358333616686,0.2842014318114014,0.4517677831422312,0.0,0.0,0.0,,0.6372335080086486,0.0,0.0,0.0,0.0,1.0,0.0,,,,,0.0,0.0,0.0,0.0,0.0,1.0,0.0,,,,,0.0,0.11806639694358903,0.34984132847794247,0.8064516129032258,0.6944444444444444,0.746268656716418,0.1935483870967742,1.0,0.05527652438427275,1.0,0.0,0.0,0.0,
temporal_split_detection_method,high_dimensional,1,ok,0.05,0.0,1.0,1.0,0.0,0.0,0.0,0.0,0.5,1.0,1.0,1.0,0.5845748047874829,0.9201944681620464,0.4173648768896346,0.4173648768896346,0.3851186538065412,0.5028295912724119,0.0,0.0,0.0,,0.6292817930079764,0.0,0.0,0.0,0.0,1.0,0.0,,,,,0.0,0.0,0.0,0.0,0.0,1.0,0.0,,,,,0.0,0.14587477095073437,0.357311477051784,0.7428571428571429,0.7222222222222222,0.732394366197183,0.2571428571428571,1.0,0.04118148585272456,1.0,0.0,0.0,0.0,
temporal_split_detection_method,high_dimensional,2,ok,0.05,0.0,1.0,1.0,0.0,0.0,0.0,0.0,0.5,1.0,1.0,1.0,0.6237067347993693,0.6817706799188155,0.24525066607159193,0.24525066607159193,0.21957946532018383,0.4365200138472235,0.0,0.0,0.0,,0.4298672580043785,0.0,0.0,0.0,0.0,1.0,0.0,,,,,0.0,0.0,0.0,0.0,0.0,1.0,0.0,,,,,0.0,0.11870491031288859,0.3201682875328378,0.8484848484848485,0.8,0.823529411764706,0.15151515151515152,1.0,0.04429031967488433,1.0,0.0,0.0,0.0,
temporal_split_detection_method,high_dimensional,3,ok,0.05,0.0,1.0,1.0,0.0,0.0,0.0,0.0,0.5,1.0,1.0,1.0,0.5964365256029469,0.8037883722193628,0.34056234262112084,0.34056234262112084,0.29765938361770755,0.463226029598242,0.0,0.0,0.0,,0.4495720379927661,0.0,0.0,0.0,0.0,1.0,0.0,,,,,0.0,0.0,0.0,0.0,0.0,1.0,0.0,,,,,0.0,0.23585636727232642,0.3698842137889518,0.9583333333333334,0.6388888888888888,0.7666666666666666,0.041666666666666664,1.0,0.06437160197812021,1.0,0.0,0.0,0.0,
temporal_split_detection_method,high_dimensional,4,ok,0.05,0.0,1.0,1.0,0.0,0.0,0.0,0.0,0.5,1.0,1.0,1.0,0.48903945858487724,0.8701578266377015,0.48108780811763746,0.48108780811763746,0.4441293634532079,0.389070018520064,0.0,0.0,0.0,,0.8147487550013466,0.0,0.0,0.0,0.0,1.0,0.0,,,,,0.0,0.0,0.0,0.0,0.0,1.0,0.0,,,,,0.0,0.17625550582152988,0.41595933734343976,0.78125,0.7142857142857143,0.7462686567164178,0.21875,1.0,0.06789892714798275,1.0,0.0,0.0,0.0,
temporal_split_detection_method,wrong_lag_order,0,ok,0.8,0.0,0.0,0.0,0.0,0.0,1.0,1.0,0.0,1.0,1.0,1.0,0.4516684507370254,0.7521133269697832,0.4200055910584403,0.4200055910584403,0.4200055910584403,0.33210773591134285,0.0,,0.0,,0.4622144369932357,1.0,1.0,1.0,0.0,0.0,1.0,,,,,0.0,1.0,1.0,1.0,0.0,0.0,1.0,,,,,0.0,0.5045619661751446,0.30134867678358096,1.0,0.6666666666666666,0.8,0.0,1.0,0.08331866518568273,1.0,0.0,0.0,0.0,
temporal_split_detection_method,wrong_lag_order,1,ok,0.95,0.0,0.0,0.0,0.0,0.0,1.0,1.0,0.0,1.0,1.0,1.0,0.2029753870345188,0.9774263201652481,0.773373352071529,0.773373352071529,0.773373352071529,0.2040529680937191,0.0,,0.0,,0.25171138800214976,1.0,1.0,1.0,0.0,0.0,1.0,,,,,0.0,1.0,1.0,1.0,0.0,0.0,1.0,,,,,0.0,0.58123909394823,0.6958980510598988,0.625,0.7142857142857143,0.6666666666666666,0.375,1.0,0.08429373316709406,1.0,0.0,0.0,0.0,
temporal_split_detection_method,wrong_lag_order,2,ok,0.95,0.0,0.0,0.0,0.0,0.0,1.0,1.0,0.0,1.0,1.0,1.0,0.252589268963004,0.7259825066596144,0.5498115320179999,0.5498115320179999,0.5498115320179999,0.17617097464161446,0.0,,0.0,,0.28978851599094924,1.0,1.0,1.0,0.0,0.0,1.0,,,,,0.0,1.0,1.0,1.0,0.0,0.0,1.0,,,,,0.0,0.17917614453616493,0.3131978492442335,0.625,0.8333333333333334,0.7142857142857143,0.375,1.0,0.04234136994934891,1.0,0.0,0.0,0.0,
temporal_split_detection_method,wrong_lag_order,3,ok,0.85,0.0,0.0,0.0,0.0,0.0,1.0,1.0,0.0,1.0,1.0,1.0,0.1029971399671133,0.69453809801791,0.6430843447053568,0.6430843447053568,0.6430843447053568,0.051453753312553197,0.0,,0.0,,0.3035693550045835,1.0,1.0,1.0,0.0,0.0,1.0,,,,,0.0,1.0,1.0,1.0,0.0,0.0,1.0,,,,,0.0,0.19142658822232683,0.9001033917547027,0.4,0.6666666666666666,0.5,0.6,1.0,0.0365452652986547,1.0,0.0,0.0,0.0,
temporal_split_detection_method,wrong_lag_order,4,ok,0.35,0.0,0.0,0.0,0.0,0.0,1.0,1.0,0.0,1.0,1.0,1.0,0.20629443541501663,0.6924165700272331,0.5702141207828236,0.5702141207828236,0.5702141207828236,0.12220244924440948,0.0,,0.0,,0.3493933240097249,1.0,1.0,1.0,0.0,0.0,1.0,,,,,0.0,1.0,1.0,1.0,0.0,0.0,1.0,,,,,0.0,0.2762286471629132,0.7496797349921528,0.625,0.625,0.625,0.375,0.8,0.10507868573981137,1.0,0.0,0.0,0.0,
temporal_split_detection_method,contemporaneous_only_relation,0,ok,0.45,0.0,0.0,0.0,0.0,0.0,1.0,1.0,0.0,0.0,1.0,0.0,0.04112180522629532,0.7956942837665567,0.7638094965808987,0.7638094965808987,0.7638094965808987,0.031884787185658015,0.0,,0.0,,0.3889216130046407,1.0,1.0,1.0,0.0,0.0,1.0,,,,,0.0,1.0,1.0,1.0,0.0,0.0,1.0,,,,,0.0,0.14832330663738355,,0.0,1.0,0.0,1.0,,,1.0,0.0,0.0,0.0,
temporal_split_detection_method,contemporaneous_only_relation,1,ok,0.1,0.0,0.0,0.0,0.0,0.0,1.0,1.0,0.0,0.0,1.0,0.0,0.03602634566409161,0.9580630135172324,0.9334231892366587,0.9334231892366587,0.9334231892366587,0.024639824280573763,0.0,,0.0,,0.28166394800064154,1.0,1.0,1.0,0.0,0.0,1.0,,,,,0.0,1.0,1.0,1.0,0.0,0.0,1.0,,,,,0.0,0.2488686574420342,,0.0,1.0,0.0,1.0,,,1.0,0.0,0.0,0.0,
temporal_split_detection_method,contemporaneous_only_relation,2,ok,0.25,0.0,0.0,0.0,0.0,0.0,1.0,1.0,0.0,0.0,1.0,0.0,0.03876492181821986,0.7332059331908312,0.7226878400774758,0.7226878400774758,0.7226878400774758,0.010518093113355387,0.0,,0.0,,0.7666171559976647,1.0,1.0,1.0,0.0,0.0,1.0,,,,,0.0,1.0,1.0,1.0,0.0,0.0,1.0,,,,,0.0,0.18236754337502878,,0.0,1.0,0.0,1.0,,,1.0,0.0,0.0,0.0,
temporal_split_detection_method,contemporaneous_only_relation,3,ok,0.05,0.0,0.0,0.0,0.0,0.0,1.0,1.0,0.0,0.0,1.0,0.0,0.02934437013610504,0.6911242037988482,0.6781599541246509,0.6781599541246509,0.6781599541246509,0.012964249674197292,0.0,,0.0,,0.278622282014112,1.0,1.0,1.0,0.0,0.0,1.0,,,,,0.0,1.0,1.0,1.0,0.0,0.0,1.0,,,,,0.0,0.09778168986723143,,0.0,1.0,0.0,1.0,,,1.0,0.0,0.0,0.0,
temporal_split_detection_method,contemporaneous_only_relation,4,ok,0.25,0.0,0.0,0.0,0.0,0.0,1.0,1.0,0.0,0.0,1.0,0.0,0.05108974264953329,0.7591528837675604,0.7359874668750823,0.7359874668750823,0.7359874668750823,0.023165416892478086,0.0,,0.0,,0.264785216000746,1.0,1.0,1.0,0.0,0.0,1.0,,,,,0.0,1.0,1.0,1.0,0.0,0.0,1.0,,,,,0.0,0.15412704952532946,,0.0,1.0,0.0,1.0,,,1.0,0.0,0.0,0.0,
temporal_split_detection_method,close_breakpoints,0,ok,0.25,0.0,2.0,2.0,0.0,0.0,0.0,0.0,0.5542857142857143,1.0,1.0,1.0,0.4772197486028794,0.7982011026272499,0.39484268868889405,0.39484268868889405,0.3723303300929189,0.4033584139383558,0.0,0.0,0.0,,0.33586036099586636,0.0,0.0,0.0,0.0,2.0,0.0,,,,,0.0,0.0,0.0,0.0,0.0,2.0,0.0,,,,,0.0,0.08043001833776775,0.6168265078135843,1.0,0.6428571428571429,0.782608695652174,0.0,1.0,0.25312903270255704,1.0,0.0,0.0,0.0,
temporal_split_detection_method,close_breakpoints,1,ok,0.05,0.0,2.0,2.0,0.0,0.0,0.0,0.0,0.5542857142857143,1.0,1.0,1.0,0.1755424478875384,0.9664033258721751,0.7988146057275382,0.7988146057275382,0.7714061299293812,0.167588720144637,0.0,0.0,0.0,,0.28245449700625613,0.0,0.0,0.0,0.0,2.0,0.0,,,,,0.0,0.0,0.0,0.0,0.0,2.0,0.0,,,,,0.0,0.22367642566351928,0.7693657711903761,1.0,0.6,0.7499999999999999,0.0,1.0,0.3948747181807832,1.0,0.0,0.0,0.0,
temporal_split_detection_method,close_breakpoints,2,ok,0.1,0.0,2.0,2.0,0.0,0.0,0.0,0.0,0.5542857142857143,1.0,1.0,1.0,0.284876028911387,0.7054968213419843,0.540608827513509,0.540608827513509,0.5029461781963661,0.1648879938284753,0.0,0.0,0.0,,0.28386308399785776,0.0,0.0,0.0,0.0,2.0,0.0,,,,,0.0,0.0,0.0,0.0,0.0,2.0,0.0,,,,,0.0,0.12194665619290414,0.7170625056444955,1.0,0.6666666666666666,0.8,0.0,1.0,0.3518057888173357,1.0,0.0,0.0,0.0,
temporal_split_detection_method,close_breakpoints,3,ok,0.05,0.0,2.0,2.0,0.0,0.0,0.0,0.0,0.5542857142857143,1.0,1.0,1.0,0.09389312153608502,0.6618866448872017,0.6000492959350748,0.6000492959350748,0.6018776254161603,0.06183734895212689,0.0,-0.0,0.0,,0.2992454990016995,0.0,0.0,0.0,0.0,2.0,0.0,,,,,0.0,0.0,0.0,0.0,0.0,2.0,0.0,,,,,0.0,0.09199732845046976,0.8082078137912314,1.0,0.3333333333333333,0.5,0.0,1.0,0.40752929609037714,1.0,0.0,0.0,0.0,
temporal_split_detection_method,close_breakpoints,4,ok,0.05,0.0,2.0,2.0,0.0,0.0,0.0,0.0,0.5542857142857143,1.0,1.0,1.0,0.22799185715711723,0.7692872950013877,0.5943815396924358,0.5943815396924358,0.55558805363154,0.17490575530895192,0.0,0.0,0.0,,0.2951359750004485,0.0,0.0,0.0,0.0,2.0,0.0,,,,,0.0,0.0,0.0,0.0,0.0,2.0,0.0,,,,,0.0,0.1826631329405978,0.8638108718525792,1.0,0.36363636363636365,0.5333333333333333,0.0,0.75,0.3337090053445203,1.0,0.0,0.0,0.0,
