method,scenario,n_completed,global_search_p__mean,global_search_p__std,global_search_p__median,global_search_p__q05,global_search_p__q95,critical_score__mean,critical_score__std,critical_score__median,critical_score__q05,critical_score__q95,n_true_breaks_all__mean,n_true_breaks_all__std,n_true_breaks_all__median,n_true_breaks_all__q05,n_true_breaks_all__q95,n_true_breaks_B__mean,n_true_breaks_B__std,n_true_breaks_B__median,n_true_breaks_B__q05,n_true_breaks_B__q95,n_raw_breaks__mean,n_raw_breaks__std,n_raw_breaks__median,n_raw_breaks__q05,n_raw_breaks__q95,n_B_breaks__mean,n_B_breaks__std,n_B_breaks__median,n_B_breaks__q05,n_B_breaks__q95,segment_ari__mean,segment_ari__std,segment_ari__median,segment_ari__q05,segment_ari__q95,segment_nmi__mean,segment_nmi__std,segment_nmi__median,segment_nmi__q05,segment_nmi__q95,boundary_displacement__mean,boundary_displacement__std,boundary_displacement__median,boundary_displacement__q05,boundary_displacement__q95,segment_relevance_precision__mean,segment_relevance_precision__std,segment_relevance_precision__median,segment_relevance_precision__q05,segment_relevance_precision__q95,segment_relevance_recall__mean,segment_relevance_recall__std,segment_relevance_recall__median,segment_relevance_recall__q05,segment_relevance_recall__q95,segment_relevance_f1__mean,segment_relevance_f1__std,segment_relevance_f1__median,segment_relevance_f1__q05,segment_relevance_f1__q95,segment_relevance_loss_gain__mean,segment_relevance_loss_gain__std,segment_relevance_loss_gain__median,segment_relevance_loss_gain__q05,segment_relevance_loss_gain__q95,pooled_AR_test_loss__mean,pooled_AR_test_loss__std,pooled_AR_test_loss__median,pooled_AR_test_loss__q05,pooled_AR_test_loss__q95,pooled_VARX_test_loss__mean,pooled_VARX_test_loss__std,pooled_VARX_test_loss__median,pooled_VARX_test_loss__q05,pooled_VARX_test_loss__q95,piecewise_VARX_test_loss__mean,piecewise_VARX_test_loss__std,piecewise_VARX_test_loss__median,piecewise_VARX_test_loss__q05,piecewise_VARX_test_loss__q95,oracle_piecewise_VARX_test_loss__mean,oracle_piecewise_VARX_test_loss__std,oracle_piecewise_VARX_test_loss__median,oracle_piecewise_VARX_test_loss__q05,oracle_piecewise_VARX_test_loss__q95,VARX_improvement_over_AR__mean,VARX_improvement_over_AR__std,VARX_improvement_over_AR__median,VARX_improvement_over_AR__q05,VARX_improvement_over_AR__q95,piecewise_improvement_over_VARX__mean,piecewise_improvement_over_VARX__std,piecewise_improvement_over_VARX__median,piecewise_improvement_over_VARX__q05,piecewise_improvement_over_VARX__q95,oracle_improvement_recovered__mean,oracle_improvement_recovered__std,oracle_improvement_recovered__median,oracle_improvement_recovered__q05,oracle_improvement_recovered__q95,false_B_attribution__mean,false_B_attribution__std,false_B_attribution__median,false_B_attribution__q05,false_B_attribution__q95,delta_B_relative_error__mean,delta_B_relative_error__std,delta_B_relative_error__median,delta_B_relative_error__q05,delta_B_relative_error__q95,runtime_seconds__mean,runtime_seconds__std,runtime_seconds__median,runtime_seconds__q05,runtime_seconds__q95,raw_break_precision__mean,raw_break_precision__std,raw_break_precision__median,raw_break_precision__q05,raw_break_precision__q95,raw_break_recall__mean,raw_break_recall__std,raw_break_recall__median,raw_break_recall__q05,raw_break_recall__q95,raw_break_f1__mean,raw_break_f1__std,raw_break_f1__median,raw_break_f1__q05,raw_break_f1__q95,raw_break_fdr__mean,raw_break_fdr__std,raw_break_fdr__median,raw_break_fdr__q05,raw_break_fdr__q95,raw_break_count_error__mean,raw_break_count_error__std,raw_break_count_error__median,raw_break_count_error__q05,raw_break_count_error__q95,raw_break_exact_set__mean,raw_break_exact_set__std,raw_break_exact_set__median,raw_break_exact_set__q05,raw_break_exact_set__q95,raw_break_localization_mae__mean,raw_break_localization_mae__std,raw_break_localization_mae__median,raw_break_localization_mae__q05,raw_break_localization_mae__q95,raw_break_localization_median__mean,raw_break_localization_median__std,raw_break_localization_median__median,raw_break_localization_median__q05,raw_break_localization_median__q95,raw_break_localization_rmse__mean,raw_break_localization_rmse__std,raw_break_localization_rmse__median,raw_break_localization_rmse__q05,raw_break_localization_rmse__q95,raw_break_localization_normalized__mean,raw_break_localization_normalized__std,raw_break_localization_normalized__median,raw_break_localization_normalized__q05,raw_break_localization_normalized__q95,raw_break_any_detection__mean,raw_break_any_detection__std,raw_break_any_detection__median,raw_break_any_detection__q05,raw_break_any_detection__q95,B_break_precision__mean,B_break_precision__std,B_break_precision__median,B_break_precision__q05,B_break_precision__q95,B_break_recall__mean,B_break_recall__std,B_break_recall__median,B_break_recall__q05,B_break_recall__q95,B_break_f1__mean,B_break_f1__std,B_break_f1__median,B_break_f1__q05,B_break_f1__q95,B_break_fdr__mean,B_break_fdr__std,B_break_fdr__median,B_break_fdr__q05,B_break_fdr__q95,B_break_count_error__mean,B_break_count_error__std,B_break_count_error__median,B_break_count_error__q05,B_break_count_error__q95,B_break_exact_set__mean,B_break_exact_set__std,B_break_exact_set__median,B_break_exact_set__q05,B_break_exact_set__q95,B_break_localization_mae__mean,B_break_localization_mae__std,B_break_localization_mae__median,B_break_localization_mae__q05,B_break_localization_mae__q95,B_break_localization_median__mean,B_break_localization_median__std,B_break_localization_median__median,B_break_localization_median__q05,B_break_localization_median__q95,B_break_localization_rmse__mean,B_break_localization_rmse__std,B_break_localization_rmse__median,B_break_localization_rmse__q05,B_break_localization_rmse__q95,B_break_localization_normalized__mean,B_break_localization_normalized__std,B_break_localization_normalized__median,B_break_localization_normalized__q05,B_break_localization_normalized__q95,B_break_any_detection__mean,B_break_any_detection__std,B_break_any_detection__median,B_break_any_detection__q05,B_break_any_detection__q95,relative_A_error__mean,relative_A_error__std,relative_A_error__median,relative_A_error__q05,relative_A_error__q95,relative_B_error__mean,relative_B_error__std,relative_B_error__median,relative_B_error__q05,relative_B_error__q95,B_support_precision__mean,B_support_precision__std,B_support_precision__median,B_support_precision__q05,B_support_precision__q95,B_support_recall__mean,B_support_recall__std,B_support_recall__median,B_support_recall__q05,B_support_recall__q95,B_support_f1__mean,B_support_f1__std,B_support_f1__median,B_support_f1__q05,B_support_f1__q95,B_support_fdr__mean,B_support_fdr__std,B_support_fdr__median,B_support_fdr__q05,B_support_fdr__q95,B_sign_accuracy__mean,B_sign_accuracy__std,B_sign_accuracy__median,B_sign_accuracy__q05,B_sign_accuracy__q95,B_nonzero_rmse__mean,B_nonzero_rmse__std,B_nonzero_rmse__median,B_nonzero_rmse__q05,B_nonzero_rmse__q95,bootstrap_B_break_jaccard__mean,bootstrap_B_break_jaccard__std,bootstrap_B_break_jaccard__median,bootstrap_B_break_jaccard__q05,bootstrap_B_break_jaccard__q95,bootstrap_any_raw_break_frequency__mean,bootstrap_any_raw_break_frequency__std,bootstrap_any_raw_break_frequency__median,bootstrap_any_raw_break_frequency__q05,bootstrap_any_raw_break_frequency__q95,bootstrap_any_B_break_frequency__mean,bootstrap_any_B_break_frequency__std,bootstrap_any_B_break_frequency__median,bootstrap_any_B_break_frequency__q05,bootstrap_any_B_break_frequency__q95,bootstrap_mean_B_break_count__mean,bootstrap_mean_B_break_count__std,bootstrap_mean_B_break_count__median,bootstrap_mean_B_break_count__q05,bootstrap_mean_B_break_count__q95,bootstrap_retained_B_change_probability__mean,bootstrap_retained_B_change_probability__std,bootstrap_retained_B_change_probability__median,bootstrap_retained_B_change_probability__q05,bootstrap_retained_B_change_probability__q95
temporal_split_detection_method,A_only_break,5,0.12000000000000002,0.15652475842498528,0.05,0.05,0.32999999999999996,0.0,0.0,0.0,0.0,0.0,1.0,0.0,1.0,1.0,1.0,0.0,0.0,0.0,0.0,0.0,0.8,0.44721359549995804,1.0,0.2,1.0,0.0,0.0,0.0,0.0,0.0,0.7752691638594188,0.4347607944222272,0.9772409141470718,0.18210669996707574,0.9942857026573217,0.7583627262365247,0.4268093249531318,0.9548900192035227,0.1730383985788904,0.9858658095423244,0.10628571428571429,0.2202702421840879,0.005714285714285672,0.0014285714285714457,0.40457142857142847,1.0,0.0,1.0,1.0,1.0,1.0,0.0,1.0,1.0,1.0,1.0,0.0,1.0,1.0,1.0,0.32275043545744053,0.057070279158880306,0.34962832824520007,0.25631895476748473,0.3719786169095788,0.8333413550219329,0.15353909512028655,0.8909575485609951,0.6280360866142252,0.9570283320861559,0.6177932217019488,0.1343172405893599,0.64511383347149,0.448948900600326,0.7513246139257657,0.5433709425334299,0.16439103164305344,0.6095563274974772,0.3419228954264177,0.698235259609428,0.537799022960699,0.16174138666250515,0.5987010142093703,0.34000183278559165,0.6941643789653962,0.21554813331998393,0.07130602052133678,0.22927444600081937,0.13657389400790376,0.2991128704275244,0.07442227916851901,0.05406098656299275,0.10192100312933938,0.00711150119480255,0.123394185359159,0.7278612724710968,0.4167095374489631,0.9015388085024246,0.15322277999618683,0.989754830084874,0.0,0.0,0.0,0.0,0.0,,0.0,,,,0.2951145314000314,0.015169720654876944,0.29520943100214936,0.27970149379689246,0.31419141559745184,0.6,0.5477225575051662,1.0,0.0,1.0,0.6,0.5477225575051662,1.0,0.0,1.0,0.6,0.5477225575051662,1.0,0.0,1.0,0.2,0.44721359549995804,0.0,0.0,0.7999999999999998,0.2,0.44721359549995804,0.0,0.0,0.7999999999999998,0.0,0.0,0.0,0.0,0.0,2.0,1.7320508075688772,1.0,1.0,3.6999999999999997,2.0,1.7320508075688772,1.0,1.0,3.6999999999999997,2.0,1.7320508075688772,1.0,1.0,3.6999999999999997,0.002857142857142857,0.0024743582965269673,0.0014285714285714286,0.0014285714285714286,0.005285714285714285,0.8,0.44721359549995804,1.0,0.2,1.0,1.0,0.0,1.0,1.0,1.0,1.0,0.0,1.0,1.0,1.0,1.0,0.0,1.0,1.0,1.0,0.0,0.0,0.0,0.0,0.0,0.0,0.0,0.0,0.0,0.0,1.0,0.0,1.0,1.0,1.0,,0.0,,,,,0.0,,,,,0.0,,,,,0.0,,,,0.0,0.0,0.0,0.0,0.0,0.19780727318921043,0.108063543635324,0.15369730944346635,0.11112957757795124,0.34247255498807266,0.22288213261275072,0.06283063953595493,0.20618145580288705,0.17922754844019922,0.3082361958616101,0.9532467532467532,0.0666019813244576,1.0,0.8675324675324675,1.0,0.7224999999999999,0.20886598574205423,0.75,0.475,0.96,0.8076650563607085,0.1480848425970376,0.7999999999999999,0.6351046698872785,0.9777777777777777,0.046753246753246755,0.06660198132445758,0.0,0.0,0.13246753246753246,1.0,0.0,1.0,1.0,1.0,0.037505576047558734,0.013048097208739265,0.03928000795097536,0.02362792893426577,0.050244033162323794,0.72,0.2683281572999748,0.6,0.44,1.0,0.8,0.44721359549995804,1.0,0.2,1.0,0.6,0.4,0.8,0.08000000000000002,0.96,0.6,0.4,0.8,0.08000000000000002,0.96,,0.0,,,
temporal_split_detection_method,B_nonzero_to_zero,5,0.05,0.0,0.05,0.05,0.05,0.0,0.0,0.0,0.0,0.0,1.0,0.0,1.0,1.0,1.0,1.0,0.0,1.0,1.0,1.0,0.4,0.5477225575051662,0.0,0.0,1.0,0.4,0.5477225575051662,0.0,0.0,1.0,0.3977142810629287,0.5445927079502895,0.0,0.0,0.9942857026573217,0.39434632381692974,0.539980942559423,0.0,0.0,0.9858658095423244,0.3005714285714286,0.2730788179561471,0.5,0.0014285714285714457,0.5,1.0,0.0,1.0,1.0,1.0,1.0,0.0,1.0,1.0,1.0,1.0,0.0,1.0,1.0,1.0,0.12059221266061823,0.09023804486850928,0.09817060490449292,0.03853300532197826,0.23740277291559211,0.8082913399135114,0.08721211911969975,0.7783893560454,0.724381101456399,0.9212388629961102,0.7454902465868969,0.086260249393933,0.71007591476303,0.6947256059003541,0.8641079944337621,0.7005556314077795,0.127064510440315,0.6946588304459428,0.568775730813136,0.8600995008622856,0.6906095116911503,0.12701660456738345,0.6616708662572739,0.5654648643007657,0.8541633779766085,0.0628010933266145,0.04992773290408282,0.04827097342498776,0.02443770600351982,0.13002729867742405,0.04493461517911732,0.06627860532763728,0.0,0.0,0.13324211188534624,0.3939713317467025,0.5395328604980384,0.0,0.0,0.9920561354468873,0.0,0.0,0.0,0.0,0.0,0.19976533277372932,0.09940351215520352,0.19976533277372932,0.1365053250068959,0.26302534054056276,0.724845350801479,0.2525272310675177,0.8064324669976486,0.3793940220028162,0.9091561070061289,0.4,0.5477225575051662,0.0,0.0,1.0,0.4,0.5477225575051662,0.0,0.0,1.0,0.4,0.5477225575051662,0.0,0.0,1.0,0.0,0.0,0.0,0.0,0.0,0.6,0.5477225575051662,1.0,0.0,1.0,0.0,0.0,0.0,0.0,0.0,1.0,0.0,1.0,1.0,1.0,1.0,0.0,1.0,1.0,1.0,1.0,0.0,1.0,1.0,1.0,0.0014285714285714286,0.0,0.0014285714285714286,0.0014285714285714286,0.0014285714285714286,0.4,0.5477225575051662,0.0,0.0,1.0,0.4,0.5477225575051662,0.0,0.0,1.0,0.4,0.5477225575051662,0.0,0.0,1.0,0.4,0.5477225575051662,0.0,0.0,1.0,0.0,0.0,0.0,0.0,0.0,0.6,0.5477225575051662,1.0,0.0,1.0,0.0,0.0,0.0,0.0,0.0,1.0,0.0,1.0,1.0,1.0,1.0,0.0,1.0,1.0,1.0,1.0,0.0,1.0,1.0,1.0,0.0014285714285714286,0.0,0.0014285714285714286,0.0014285714285714286,0.0014285714285714286,0.4,0.5477225575051662,0.0,0.0,1.0,0.18937262837415078,0.07754462687622336,0.21081771972819124,0.10438163760938358,0.2721405677279841,0.44505633942103573,0.15869769392498054,0.4901445889806809,0.23596328785570547,0.584661187514725,1.0,0.0,1.0,1.0,1.0,0.569047619047619,0.2293637062627104,0.6666666666666666,0.2857142857142857,0.8,0.7018181818181819,0.20230081521019816,0.8,0.44,0.8872727272727272,0.0,0.0,0.0,0.0,0.0,1.0,0.0,1.0,1.0,1.0,0.08887960537862331,0.052502431629153766,0.08356354356406742,0.032463506390625146,0.148544751298074,1.0,0.0,1.0,1.0,1.0,0.4,0.5477225575051662,0.0,0.0,1.0,0.4,0.5477225575051662,0.0,0.0,1.0,0.4,0.5477225575051662,0.0,0.0,1.0,1.0,0.0,1.0,1.0,1.0
temporal_split_detection_method,B_zero_to_nonzero,5,0.05,0.0,0.05,0.05,0.05,0.0,0.0,0.0,0.0,0.0,1.0,0.0,1.0,1.0,1.0,1.0,0.0,1.0,1.0,1.0,0.6,0.5477225575051662,1.0,0.0,1.0,0.6,0.5477225575051662,1.0,0.0,1.0,0.5840882613969932,0.5332170846685811,0.9659594786908223,0.0,0.9772409141470718,0.5694251828825367,0.5198610377566617,0.9373458760056381,0.0,0.9548900192035227,0.20400000000000001,0.27021231259428397,0.008571428571428563,0.005714285714285672,0.5,0.6,0.5477225575051662,1.0,0.0,1.0,1.0,0.0,1.0,1.0,1.0,0.6,0.5477225575051662,1.0,0.0,1.0,0.14151454606110753,0.10200162621744788,0.1514973019248597,0.036014043431741416,0.2648420084884952,0.8082577763882934,0.09000691243102486,0.7754091443147102,0.7259635450626347,0.9273293603703611,0.7415551573235413,0.09149580945633522,0.7035192322037265,0.6798974616572246,0.8667062694079326,0.6858864458259133,0.1415865553004103,0.6790201774913447,0.5357379795369916,0.8619924187996826,0.6779134443668264,0.13136042334494433,0.6747772966737324,0.5316236850274818,0.8368178759327899,0.06670261906475232,0.05560634344031698,0.04962325740572959,0.02117966865485772,0.14103761419099695,0.055668711497627886,0.06719422900022548,0.046765709417635914,0.0,0.14442000178743222,0.5732457621560221,0.5238368591826644,0.9168202689381459,0.0,0.976479209637986,0.0,0.0,0.0,0.0,0.0,0.24512466259674984,0.10003039320996525,0.28770336680410563,0.14653484276870457,0.31390938947964603,0.8836844048026251,0.04017649722261566,0.8766498080076417,0.8400544357980835,0.9326333647972206,0.6,0.5477225575051662,1.0,0.0,1.0,0.6,0.5477225575051662,1.0,0.0,1.0,0.6,0.5477225575051662,1.0,0.0,1.0,0.0,0.0,0.0,0.0,0.0,0.4,0.5477225575051662,0.0,0.0,1.0,0.0,0.0,0.0,0.0,0.0,4.666666666666667,1.1547005383792517,4.0,4.0,5.8,4.666666666666667,1.1547005383792517,4.0,4.0,5.8,4.666666666666667,1.1547005383792517,4.0,4.0,5.8,0.006666666666666667,0.0016495721976846453,0.005714285714285714,0.005714285714285714,0.008285714285714285,0.6,0.5477225575051662,1.0,0.0,1.0,0.6,0.5477225575051662,1.0,0.0,1.0,0.6,0.5477225575051662,1.0,0.0,1.0,0.6,0.5477225575051662,1.0,0.0,1.0,0.0,0.0,0.0,0.0,0.0,0.4,0.5477225575051662,0.0,0.0,1.0,0.0,0.0,0.0,0.0,0.0,4.666666666666667,1.1547005383792517,4.0,4.0,5.8,4.666666666666667,1.1547005383792517,4.0,4.0,5.8,4.666666666666667,1.1547005383792517,4.0,4.0,5.8,0.006666666666666667,0.0016495721976846453,0.005714285714285714,0.005714285714285714,0.008285714285714285,0.6,0.5477225575051662,1.0,0.0,1.0,0.1667123897732164,0.038334009370438356,0.17530981494933706,0.11830260217560852,0.20568293870382917,0.3854082131264847,0.15988393374595786,0.4108547952298707,0.23397979549121353,0.5190240232893858,0.5666666666666667,0.521749194749951,0.8333333333333334,0.0,1.0,0.8166666666666668,0.20749832663314555,0.8333333333333334,0.55,1.0,0.4714285714285714,0.43656565274995895,0.6666666666666666,0.0,0.8523809523809524,0.4333333333333334,0.521749194749951,0.16666666666666666,0.0,1.0,1.0,0.0,1.0,1.0,1.0,0.04020249692836078,0.010190093629549058,0.04227458785141256,0.030449505225733156,0.04850502498485216,0.9400000000000001,0.08944271909999157,1.0,0.8200000000000001,1.0,0.6,0.5477225575051662,1.0,0.0,1.0,0.6,0.5477225575051662,1.0,0.0,1.0,0.6,0.5477225575051662,1.0,0.0,1.0,1.0,0.0,1.0,1.0,1.0
temporal_split_detection_method,X_process_break,5,0.37,0.34022051672408005,0.25,0.07,0.82,0.0,0.0,0.0,0.0,0.0,0.0,0.0,0.0,0.0,0.0,0.0,0.0,0.0,0.0,0.0,0.0,0.0,0.0,0.0,0.0,0.0,0.0,0.0,0.0,0.0,1.0,0.0,1.0,1.0,1.0,1.0,0.0,1.0,1.0,1.0,0.0,0.0,0.0,0.0,0.0,1.0,0.0,1.0,1.0,1.0,1.0,0.0,1.0,1.0,1.0,1.0,0.0,1.0,1.0,1.0,0.274496238354953,0.1555086356931671,0.26254039288248315,0.1168750694155163,0.47248460791983893,0.7510052149264012,0.1316636753930058,0.7277533625721847,0.6492147240343793,0.9283276055116713,0.544258560737368,0.16462039260377295,0.5384200291427118,0.35490112114520433,0.7384218063355584,0.544258560737368,0.16462039260377295,0.5384200291427118,0.35490112114520433,0.7384218063355584,0.544258560737368,0.16462039260377295,0.5384200291427118,0.35490112114520433,0.7384218063355584,0.2067466541890332,0.12543408457659022,0.20191841828234725,0.07867605319009807,0.36390448663880354,0.0,0.0,0.0,0.0,0.0,,0.0,,,,0.0,0.0,0.0,0.0,0.0,,0.0,,,,0.294690852201893,0.011255765379501832,0.2917138100019656,0.2824385088053532,0.3081615706003504,1.0,0.0,1.0,1.0,1.0,1.0,0.0,1.0,1.0,1.0,1.0,0.0,1.0,1.0,1.0,0.0,0.0,0.0,0.0,0.0,0.0,0.0,0.0,0.0,0.0,1.0,0.0,1.0,1.0,1.0,,0.0,,,,,0.0,,,,,0.0,,,,,0.0,,,,0.0,0.0,0.0,0.0,0.0,1.0,0.0,1.0,1.0,1.0,1.0,0.0,1.0,1.0,1.0,1.0,0.0,1.0,1.0,1.0,0.0,0.0,0.0,0.0,0.0,0.0,0.0,0.0,0.0,0.0,1.0,0.0,1.0,1.0,1.0,,0.0,,,,,0.0,,,,,0.0,,,,,0.0,,,,0.0,0.0,0.0,0.0,0.0,0.11895438183504528,0.07603186749377953,0.09512473562563678,0.06334279936067927,0.22292228458003366,0.19796510138174497,0.1059867693256738,0.20201211993245885,0.08893363545261548,0.33075266604657017,1.0,0.0,1.0,1.0,1.0,0.7714285714285715,0.19240098905558975,0.8333333333333334,0.5333333333333333,0.9714285714285714,0.8597668997668999,0.12938906607535314,0.9090909090909091,0.6933333333333334,0.9846153846153846,0.0,0.0,0.0,0.0,0.0,1.0,0.0,1.0,1.0,1.0,0.030225570733492767,0.004540830391053156,0.03130099413979581,0.024922348779940866,0.034795140280553985,1.0,0.0,1.0,1.0,1.0,0.0,0.0,0.0,0.0,0.0,0.0,0.0,0.0,0.0,0.0,0.0,0.0,0.0,0.0,0.0,,0.0,,,
temporal_split_detection_method,close_breakpoints,5,0.1,0.08660254037844388,0.05,0.05,0.21999999999999997,0.0,0.0,0.0,0.0,0.0,2.0,0.0,2.0,2.0,2.0,2.0,0.0,2.0,2.0,2.0,0.0,0.0,0.0,0.0,0.0,0.0,0.0,0.0,0.0,0.0,0.0,0.0,0.0,0.0,0.0,0.0,0.0,0.0,0.0,0.0,0.5542857142857143,0.0,0.5542857142857143,0.5542857142857143,0.5542857142857143,1.0,0.0,1.0,1.0,1.0,1.0,0.0,1.0,1.0,1.0,1.0,0.0,1.0,1.0,1.0,0.2519046408190014,0.14424341942204572,0.22799185715711723,0.1102229868063757,0.4387510046645809,0.7802550379459998,0.11693310603270571,0.7692872950013877,0.6706086801781582,0.9327628812231901,0.5857393915114903,0.14505070316817043,0.5943815396924358,0.42399591645381707,0.7590615437690454,0.5857393915114903,0.14505070316817043,0.5943815396924358,0.42399591645381707,0.7590615437690454,0.5608296634532732,0.1457200693377356,0.55558805363154,0.39845349971360833,0.737500429026737,0.1945156464345094,0.12570425325919715,0.167588720144637,0.08244747792739657,0.357667882212475,0.0,0.0,0.0,0.0,0.0,0.0,0.0,0.0,0.0,0.0,0.0,0.0,0.0,0.0,0.0,,0.0,,,,0.2993118832004257,0.02165681596761709,0.2951359750004485,0.28273621440457647,0.32853738859703296,0.0,0.0,0.0,0.0,0.0,0.0,0.0,0.0,0.0,0.0,0.0,0.0,0.0,0.0,0.0,0.0,0.0,0.0,0.0,0.0,2.0,0.0,2.0,2.0,2.0,0.0,0.0,0.0,0.0,0.0,,0.0,,,,,0.0,,,,,0.0,,,,,0.0,,,,0.0,0.0,0.0,0.0,0.0,0.0,0.0,0.0,0.0,0.0,0.0,0.0,0.0,0.0,0.0,0.0,0.0,0.0,0.0,0.0,0.0,0.0,0.0,0.0,0.0,2.0,0.0,2.0,2.0,2.0,0.0,0.0,0.0,0.0,0.0,,0.0,,,,,0.0,,,,,0.0,,,,,0.0,,,,0.0,0.0,0.0,0.0,0.0,0.14014271231705175,0.0612383615551771,0.12194665619290414,0.08274348036030815,0.21547376711893498,0.7550546940584534,0.09408560613534128,0.7693657711903761,0.6368737073797666,0.8526902602403097,1.0,0.0,1.0,1.0,1.0,0.5212987012987014,0.15991449805921226,0.6,0.33939393939393936,0.6619047619047619,0.6731884057971014,0.1444884653325541,0.7499999999999999,0.5066666666666667,0.7965217391304348,0.0,0.0,0.0,0.0,0.0,0.95,0.11180339887498948,1.0,0.8,1.0,0.34820956822711463,0.061155485641216506,0.3518057888173357,0.2692450272309497,0.4049983805084583,1.0,0.0,1.0,1.0,1.0,0.0,0.0,0.0,0.0,0.0,0.0,0.0,0.0,0.0,0.0,0.0,0.0,0.0,0.0,0.0,,0.0,,,
temporal_split_detection_method,complete_null,5,0.32999999999999996,0.26124700955226265,0.3,0.08000000000000002,0.6699999999999999,0.0,0.0,0.0,0.0,0.0,0.0,0.0,0.0,0.0,0.0,0.0,0.0,0.0,0.0,0.0,0.0,0.0,0.0,0.0,0.0,0.0,0.0,0.0,0.0,0.0,1.0,0.0,1.0,1.0,1.0,1.0,0.0,1.0,1.0,1.0,0.0,0.0,0.0,0.0,0.0,1.0,0.0,1.0,1.0,1.0,1.0,0.0,1.0,1.0,1.0,1.0,0.0,1.0,1.0,1.0,0.2596608411075553,0.15512640243424095,0.25922586372237305,0.10147257677170048,0.45578200823012066,0.7821187206488266,0.10623698586025757,0.7556382031753675,0.6941705070265887,0.9253829155715981,0.581294437056064,0.14989530417879016,0.5685077632936837,0.4083236075217114,0.7574842882554987,0.581294437056064,0.14989530417879016,0.5685077632936837,0.4083236075217114,0.7574842882554987,0.581294437056064,0.14989530417879016,0.5685077632936837,0.4083236075217114,0.7574842882554987,0.20082428359276258,0.13257396779992886,0.17941539260141848,0.07462427954013032,0.3699878113546694,0.0,0.0,0.0,0.0,0.0,,0.0,,,,0.0,0.0,0.0,0.0,0.0,,0.0,,,,0.2990474096033722,0.020747831887254632,0.29331810800067615,0.276475094203488,0.3216799764049938,1.0,0.0,1.0,1.0,1.0,1.0,0.0,1.0,1.0,1.0,1.0,0.0,1.0,1.0,1.0,0.0,0.0,0.0,0.0,0.0,0.0,0.0,0.0,0.0,0.0,1.0,0.0,1.0,1.0,1.0,,0.0,,,,,0.0,,,,,0.0,,,,,0.0,,,,0.0,0.0,0.0,0.0,0.0,1.0,0.0,1.0,1.0,1.0,1.0,0.0,1.0,1.0,1.0,1.0,0.0,1.0,1.0,1.0,0.0,0.0,0.0,0.0,0.0,0.0,0.0,0.0,0.0,0.0,1.0,0.0,1.0,1.0,1.0,,0.0,,,,,0.0,,,,,0.0,,,,,0.0,,,,0.0,0.0,0.0,0.0,0.0,0.12247540479901242,0.07442025579347415,0.09061307950347178,0.07672306768666004,0.2251563024891549,0.22195188998878207,0.12185787367120059,0.21389493630024245,0.10289627574593357,0.3790384226287359,1.0,0.0,1.0,1.0,1.0,0.7714285714285715,0.19240098905558975,0.8333333333333334,0.5333333333333333,0.9714285714285714,0.8597668997668999,0.12938906607535314,0.9090909090909091,0.6933333333333334,0.9846153846153846,0.0,0.0,0.0,0.0,0.0,1.0,0.0,1.0,1.0,1.0,0.032336674904745275,0.00400004853741831,0.032718056562106315,0.027262627069819557,0.03640386867538838,1.0,0.0,1.0,1.0,1.0,0.0,0.0,0.0,0.0,0.0,0.0,0.0,0.0,0.0,0.0,0.0,0.0,0.0,0.0,0.0,,0.0,,,
temporal_split_detection_method,contemporaneous_only_relation,5,0.22000000000000003,0.15652475842498528,0.25,0.060000000000000005,0.41,0.0,0.0,0.0,0.0,0.0,0.0,0.0,0.0,0.0,0.0,0.0,0.0,0.0,0.0,0.0,0.0,0.0,0.0,0.0,0.0,0.0,0.0,0.0,0.0,0.0,1.0,0.0,1.0,1.0,1.0,1.0,0.0,1.0,1.0,1.0,0.0,0.0,0.0,0.0,0.0,0.0,0.0,0.0,0.0,0.0,1.0,0.0,1.0,1.0,1.0,0.0,0.0,0.0,0.0,0.0,0.03926943709884902,0.007944023271124234,0.03876492181821986,0.03068076524170235,0.04909615516488569,0.7874480636082057,0.10271145647195641,0.7591528837675604,0.6995405496772448,0.9255892675670973,0.7668135893789533,0.09813839967378647,0.7359874668750823,0.6870655313152159,0.8995004507055067,0.7668135893789533,0.09813839967378647,0.7359874668750823,0.6870655313152159,0.8995004507055067,0.7668135893789533,0.09813839967378647,0.7359874668750823,0.6870655313152159,0.8995004507055067,0.02063447422925251,0.008806127880945633,0.023165416892478086,0.011007324425523768,0.030435794604641162,0.0,0.0,0.0,0.0,0.0,,0.0,,,,0.0,0.0,0.0,0.0,0.0,,0.0,,,,0.39612204300356096,0.21299922911604946,0.28166394800064154,0.2675526292034192,0.6910780473990598,1.0,0.0,1.0,1.0,1.0,1.0,0.0,1.0,1.0,1.0,1.0,0.0,1.0,1.0,1.0,0.0,0.0,0.0,0.0,0.0,0.0,0.0,0.0,0.0,0.0,1.0,0.0,1.0,1.0,1.0,,0.0,,,,,0.0,,,,,0.0,,,,,0.0,,,,0.0,0.0,0.0,0.0,0.0,1.0,0.0,1.0,1.0,1.0,1.0,0.0,1.0,1.0,1.0,1.0,0.0,1.0,1.0,1.0,0.0,0.0,0.0,0.0,0.0,0.0,0.0,0.0,0.0,0.0,1.0,0.0,1.0,1.0,1.0,,0.0,,,,,0.0,,,,,0.0,,,,,0.0,,,,0.0,0.0,0.0,0.0,0.0,0.16629364936940147,0.055321446996617986,0.15412704952532946,0.10789001322126185,0.2355684346286331,,0.0,,,,0.0,0.0,0.0,0.0,0.0,1.0,0.0,1.0,1.0,1.0,0.0,0.0,0.0,0.0,0.0,1.0,0.0,1.0,1.0,1.0,,0.0,,,,,0.0,,,,1.0,0.0,1.0,1.0,1.0,0.0,0.0,0.0,0.0,0.0,0.0,0.0,0.0,0.0,0.0,0.0,0.0,0.0,0.0,0.0,,0.0,,,
temporal_split_detection_method,high_dimensional,5,0.05,0.0,0.05,0.05,0.05,0.0,0.0,0.0,0.0,0.0,1.0,0.0,1.0,1.0,1.0,1.0,0.0,1.0,1.0,1.0,0.0,0.0,0.0,0.0,0.0,0.0,0.0,0.0,0.0,0.0,0.0,0.0,0.0,0.0,0.0,0.0,0.0,0.0,0.0,0.0,0.5,0.0,0.5,0.5,0.5,1.0,0.0,1.0,1.0,1.0,1.0,0.0,1.0,1.0,1.0,1.0,0.0,1.0,1.0,1.0,0.5816403717781629,0.05396328635710216,0.5964365256029469,0.5081465278253984,0.621854254862723,0.8102229926883652,0.09145171874159669,0.8037883722193628,0.7004572672358323,0.9101871398571775,0.3615403054123307,0.09058600073249193,0.34056234262112084,0.2608876995296073,0.46834322187203686,0.3615403054123307,0.09058600073249193,0.34056234262112084,0.2608876995296073,0.46834322187203686,0.3261376596018084,0.08849450269368582,0.29765938361770755,0.23250385861842734,0.43232722152387454,0.44868268727603455,0.04139599840546913,0.4517677831422312,0.3985600175854959,0.4949088789375779,0.0,0.0,0.0,0.0,0.0,0.0,0.0,0.0,0.0,0.0,0.0,0.0,0.0,0.0,0.0,,0.0,,,,0.5921406704030232,0.1578176650751187,0.6292817930079764,0.43380821400205605,0.7792457056028069,0.0,0.0,0.0,0.0,0.0,0.0,0.0,0.0,0.0,0.0,0.0,0.0,0.0,0.0,0.0,0.0,0.0,0.0,0.0,0.0,1.0,0.0,1.0,1.0,1.0,0.0,0.0,0.0,0.0,0.0,,0.0,,,,,0.0,,,,,0.0,,,,,0.0,,,,0.0,0.0,0.0,0.0,0.0,0.0,0.0,0.0,0.0,0.0,0.0,0.0,0.0,0.0,0.0,0.0,0.0,0.0,0.0,0.0,0.0,0.0,0.0,0.0,0.0,1.0,0.0,1.0,1.0,1.0,0.0,0.0,0.0,0.0,0.0,,0.0,,,,,0.0,,,,,0.0,,,,,0.0,,,,0.0,0.0,0.0,0.0,0.0,0.15895159026021366,0.04918375672823525,0.14587477095073437,0.11819409961744894,0.2239361949821671,0.3626329288389912,0.034969542560596464,0.357311477051784,0.32610289572185874,0.4067443126325422,0.8274753875157101,0.0826199617417804,0.8064516129032258,0.7505357142857143,0.9363636363636364,0.713968253968254,0.058068451626731285,0.7142857142857143,0.6499999999999999,0.7844444444444445,0.7630255516122783,0.035964674978440955,0.746268656716418,0.7351692243010299,0.8121568627450981,0.1725246124842899,0.08261996174178038,0.1935483870967742,0.06363636363636363,0.2494642857142857,1.0,0.0,1.0,1.0,1.0,0.05460377180759692,0.011823169128270097,0.05527652438427275,0.04180325261715651,0.06719346211401024,1.0,0.0,1.0,1.0,1.0,0.0,0.0,0.0,0.0,0.0,0.0,0.0,0.0,0.0,0.0,0.0,0.0,0.0,0.0,0.0,,0.0,,,
temporal_split_detection_method,high_persistence,5,0.05,0.0,0.05,0.05,0.05,0.0,0.0,0.0,0.0,0.0,1.0,0.0,1.0,1.0,1.0,1.0,0.0,1.0,1.0,1.0,1.0,0.0,1.0,1.0,1.0,1.0,0.0,1.0,1.0,1.0,0.9874677872532217,0.009335815154968763,0.9942857026573217,0.9772409141470718,0.9942857026573217,0.9734754934068037,0.01696613910511229,0.9858658095423244,0.9548900192035227,0.9858658095423244,0.003142857142857136,0.002347382389307822,0.0014285714285714457,0.0014285714285714457,0.005714285714285672,1.0,0.0,1.0,1.0,1.0,1.0,0.0,1.0,1.0,1.0,1.0,0.0,1.0,1.0,1.0,0.3441034072096871,0.10588266591958558,0.31546788382785307,0.26779731530857753,0.4878180808109937,0.41600064064528075,0.307119970642717,0.4524164711806346,0.09851479863369124,0.7780818479565634,0.3003242830959736,0.2367340676689258,0.2957407639281437,0.08073114978964635,0.6054037421511013,0.2584266305623331,0.21066581111969082,0.2449531444876264,0.06493820150293067,0.5314267090542869,0.258007309994688,0.21040453155758432,0.24455920349525084,0.06451010907294082,0.5306236261988267,0.11567635754930716,0.10399555980487138,0.10876872097520984,0.017783648844044896,0.24615909160204635,0.041897652533640514,0.026879627193155505,0.03909826267704142,0.015792948286715673,0.0763149044495095,0.9878755806205156,0.01654883419068158,0.9908710254036476,0.9665273307686717,1.0034538761181209,0.0,0.0,0.0,0.0,0.0,0.27230508351024935,0.08989948989081135,0.27315699074156424,0.17318024656119574,0.3757611088427927,0.4666566738014808,0.10654287093121256,0.4927348760102177,0.337028035800904,0.5729929351946339,1.0,0.0,1.0,1.0,1.0,1.0,0.0,1.0,1.0,1.0,1.0,0.0,1.0,1.0,1.0,0.0,0.0,0.0,0.0,0.0,0.0,0.0,0.0,0.0,0.0,0.0,0.0,0.0,0.0,0.0,2.2,1.6431676725154984,1.0,1.0,4.0,2.2,1.6431676725154984,1.0,1.0,4.0,2.2,1.6431676725154984,1.0,1.0,4.0,0.003142857142857143,0.002347382389307855,0.0014285714285714286,0.0014285714285714286,0.005714285714285714,1.0,0.0,1.0,1.0,1.0,1.0,0.0,1.0,1.0,1.0,1.0,0.0,1.0,1.0,1.0,1.0,0.0,1.0,1.0,1.0,0.0,0.0,0.0,0.0,0.0,0.0,0.0,0.0,0.0,0.0,0.0,0.0,0.0,0.0,0.0,2.2,1.6431676725154984,1.0,1.0,4.0,2.2,1.6431676725154984,1.0,1.0,4.0,2.2,1.6431676725154984,1.0,1.0,4.0,0.003142857142857143,0.002347382389307855,0.0014285714285714286,0.0014285714285714286,0.005714285714285714,1.0,0.0,1.0,1.0,1.0,0.10203871054359732,0.04744808828411055,0.07846242656540608,0.07459575259845752,0.16758442784704825,0.21274292430230896,0.06723872342346728,0.23754789357095119,0.12050338774314905,0.26100543563364126,0.9846153846153847,0.03440104580768905,1.0,0.9384615384615385,1.0,0.5830927998729857,0.1433128703974813,0.5,0.46807017543859647,0.7565610859728507,0.72309053265575,0.10548993253830985,0.6666666666666666,0.6376623376623377,0.8556521739130436,0.015384615384615385,0.034401045807689073,0.0,0.0,0.06153846153846153,1.0,0.0,1.0,1.0,1.0,0.033236198506833056,0.01730363045443673,0.02553085286231314,0.018466198585322616,0.05513138480973631,1.0,0.0,1.0,1.0,1.0,1.0,0.0,1.0,1.0,1.0,1.0,0.0,1.0,1.0,1.0,1.0,0.0,1.0,1.0,1.0,1.0,0.0,1.0,1.0,1.0
temporal_split_detection_method,intercept_only_break,5,0.05,0.0,0.05,0.05,0.05,0.0,0.0,0.0,0.0,0.0,1.0,0.0,1.0,1.0,1.0,0.0,0.0,0.0,0.0,0.0,1.0,0.0,1.0,1.0,1.0,0.4,0.5477225575051662,0.0,0.0,1.0,0.9908767449552718,0.007622661154205243,0.9942857026573217,0.9806498718491218,0.9942857026573217,0.979670651474564,0.013852794570868373,0.9858658095423244,0.9610851772712831,0.9858658095423244,0.002285714285714291,0.001916629694999793,0.0014285714285714457,0.0014285714285714457,0.0048571428571428255,1.0,0.0,1.0,1.0,1.0,1.0,0.0,1.0,1.0,1.0,1.0,0.0,1.0,1.0,1.0,0.28159102253715257,0.16313303890536682,0.2612094875788479,0.12574739547552824,0.49420170105165095,0.6703218526106315,0.12461340664303197,0.7245983306820604,0.5056110192784127,0.7697799279021155,0.5260748033597482,0.1314092122043706,0.4779468718501714,0.38952004726503814,0.6651075353334287,0.4168035811559026,0.09692707901171611,0.40750085174005807,0.29757474236327563,0.5189174009675411,0.4148240171254338,0.09725371148851011,0.40654152097619917,0.2952433641215058,0.5174940727567094,0.14424704925088316,0.12159237558345741,0.10901673435756054,0.04292608880186508,0.3069530932582396,0.10927122220384564,0.05391543154959778,0.10155958497085066,0.0504940498586409,0.1746721869469666,0.9780182819577714,0.019454219907496222,0.9831939976709422,0.9516773080943897,0.9936750885014071,0.4,0.5477225575051662,0.0,0.0,1.0,,0.0,,,,0.29643095440114847,0.011465506953754373,0.29134063801029697,0.2897253280010773,0.3122022011957597,1.0,0.0,1.0,1.0,1.0,1.0,0.0,1.0,1.0,1.0,1.0,0.0,1.0,1.0,1.0,0.0,0.0,0.0,0.0,0.0,0.0,0.0,0.0,0.0,0.0,0.0,0.0,0.0,0.0,0.0,1.6,1.3416407864998738,1.0,1.0,3.3999999999999995,1.6,1.3416407864998738,1.0,1.0,3.3999999999999995,1.6,1.3416407864998738,1.0,1.0,3.3999999999999995,0.002285714285714286,0.0019166296949998196,0.0014285714285714286,0.0014285714285714286,0.004857142857142857,1.0,0.0,1.0,1.0,1.0,0.6,0.5477225575051662,1.0,0.0,1.0,1.0,0.0,1.0,1.0,1.0,0.6,0.5477225575051662,1.0,0.0,1.0,0.4,0.5477225575051662,0.0,0.0,1.0,0.4,0.5477225575051662,0.0,0.0,1.0,0.6,0.5477225575051662,1.0,0.0,1.0,,0.0,,,,,0.0,,,,,0.0,,,,,0.0,,,,0.4,0.5477225575051662,0.0,0.0,1.0,0.21792312333012073,0.09017936983546036,0.19111171989984746,0.15824807413207775,0.34113874662084764,0.31849001805028293,0.20597728901688206,0.2797097191786021,0.1210228815083738,0.587734531823311,0.9195959595959596,0.08409234991333965,0.9090909090909091,0.8177777777777778,1.0,0.6845238095238095,0.12037945485807552,0.7083333333333334,0.5333333333333333,0.8095238095238095,0.7811263858093127,0.10230548499238322,0.8,0.6574545454545454,0.8931263858093126,0.0804040404040404,0.08409234991333966,0.09090909090909091,0.0,0.1822222222222222,1.0,0.0,1.0,1.0,1.0,0.041172661994519195,0.01365894596817888,0.03706445362583213,0.027087980132208925,0.05748879058947326,0.6799999999999999,0.30331501776206204,0.6,0.4,1.0,1.0,0.0,1.0,1.0,1.0,0.8,0.2,0.8,0.6,1.0,0.8,0.2,0.8,0.6,1.0,1.0,0.0,1.0,1.0,1.0
temporal_split_detection_method,mixed_A_B_break,5,0.05,0.0,0.05,0.05,0.05,0.0,0.0,0.0,0.0,0.0,1.0,0.0,1.0,1.0,1.0,1.0,0.0,1.0,1.0,1.0,1.0,0.0,1.0,1.0,1.0,1.0,0.0,1.0,1.0,1.0,0.9942857026573219,1.2412670766236366e-16,0.9942857026573217,0.9942857026573217,0.9942857026573217,0.9858658095423245,1.2412670766236366e-16,0.9858658095423244,0.9858658095423244,0.9858658095423244,0.0014285714285714457,0.0,0.0014285714285714457,0.0014285714285714457,0.0014285714285714457,1.0,0.0,1.0,1.0,1.0,1.0,0.0,1.0,1.0,1.0,1.0,0.0,1.0,1.0,1.0,0.43200579396418215,0.021386653123429668,0.43699127127979587,0.40456675012386184,0.4511961680740249,0.8152667701627753,0.1467505906364022,0.8437359055974717,0.6175460768212104,0.9313669789827627,0.577570296796079,0.10458416941615974,0.6168489839693034,0.43762964848713376,0.6668400956361642,0.4234512185435927,0.09402681692475859,0.43055019770182096,0.30684737156337377,0.5106381966671505,0.4227687418312251,0.09488509542332313,0.4307141097785728,0.3050481005003579,0.5107160838175415,0.23769647336669625,0.057187922131178764,0.2620443167426987,0.16669262779851296,0.293811704628291,0.1541190782524863,0.041732665073906695,0.16206572390783314,0.10963268627756921,0.2035004784820814,0.9950111430061505,0.007070130684161048,0.998254818242911,0.9861670002587783,1.0008658411738072,0.0,0.0,0.0,0.0,0.0,0.20202082909250674,0.031076086004843063,0.19665817884592462,0.1710161941976766,0.23967546312522336,0.3193241082015447,0.012646767531697141,0.3134724470000947,0.31125754840031733,0.33677069320110603,1.0,0.0,1.0,1.0,1.0,1.0,0.0,1.0,1.0,1.0,1.0,0.0,1.0,1.0,1.0,0.0,0.0,0.0,0.0,0.0,0.0,0.0,0.0,0.0,0.0,0.0,0.0,0.0,0.0,0.0,1.0,0.0,1.0,1.0,1.0,1.0,0.0,1.0,1.0,1.0,1.0,0.0,1.0,1.0,1.0,0.0014285714285714286,0.0,0.0014285714285714286,0.0014285714285714286,0.0014285714285714286,1.0,0.0,1.0,1.0,1.0,1.0,0.0,1.0,1.0,1.0,1.0,0.0,1.0,1.0,1.0,1.0,0.0,1.0,1.0,1.0,0.0,0.0,0.0,0.0,0.0,0.0,0.0,0.0,0.0,0.0,0.0,0.0,0.0,0.0,0.0,1.0,0.0,1.0,1.0,1.0,1.0,0.0,1.0,1.0,1.0,1.0,0.0,1.0,1.0,1.0,0.0014285714285714286,0.0,0.0014285714285714286,0.0014285714285714286,0.0014285714285714286,1.0,0.0,1.0,1.0,1.0,0.14572033013535396,0.043290178469821965,0.12710639469546364,0.10382702414077005,0.19350076002140812,0.1684367727963839,0.018421494758630714,0.16367426511351185,0.1535630952792887,0.1933403524836025,1.0,0.0,1.0,1.0,1.0,0.7515656565656565,0.1049172377294517,0.75,0.6254545454545455,0.8694444444444444,0.854829104224309,0.06972624320261268,0.8571428571428571,0.7684210526315789,0.9296853625170999,0.0,0.0,0.0,0.0,0.0,1.0,0.0,1.0,1.0,1.0,0.03515443985601897,0.010764403055533635,0.036436412034142815,0.02281149564846658,0.04771447479200944,1.0,0.0,1.0,1.0,1.0,1.0,0.0,1.0,1.0,1.0,1.0,0.0,1.0,1.0,1.0,1.0,0.0,1.0,1.0,1.0,1.0,0.0,1.0,1.0,1.0
temporal_split_detection_method,noise_only_break,5,0.25,0.19039432764659772,0.3,0.05,0.44,0.0,0.0,0.0,0.0,0.0,1.0,0.0,1.0,1.0,1.0,0.0,0.0,0.0,0.0,0.0,0.0,0.0,0.0,0.0,0.0,0.0,0.0,0.0,0.0,0.0,0.0,0.0,0.0,0.0,0.0,0.0,0.0,0.0,0.0,0.0,0.5,0.0,0.5,0.5,0.5,1.0,0.0,1.0,1.0,1.0,1.0,0.0,1.0,1.0,1.0,1.0,0.0,1.0,1.0,1.0,0.16477152245867233,0.1170554809547267,0.15602406681992492,0.052003727791297874,0.31609196421890423,0.8070255211570659,0.08958316786829025,0.7646845343489383,0.7272153780980432,0.9249731322867191,0.6770065520719613,0.11873970434816301,0.6590655024534514,0.5541108522718332,0.8261800779829938,0.6770065520719613,0.11873970434816301,0.6590655024534514,0.5541108522718332,0.8261800779829938,0.6892216676096412,0.12671974902763986,0.6692119422503598,0.5582712708835256,0.8492401963017155,0.13001896908510463,0.10783228317120569,0.10336361909930503,0.04083504996381271,0.27443735304155,0.0,0.0,0.0,0.0,0.0,0.0,0.0,0.0,0.0,-0.0,0.0,0.0,0.0,0.0,0.0,,0.0,,,,0.27728958759980743,0.012506824992400276,0.2813695799995912,0.26161719679948875,0.2885522306023631,0.0,0.0,0.0,0.0,0.0,0.0,0.0,0.0,0.0,0.0,0.0,0.0,0.0,0.0,0.0,0.0,0.0,0.0,0.0,0.0,1.0,0.0,1.0,1.0,1.0,0.0,0.0,0.0,0.0,0.0,,0.0,,,,,0.0,,,,,0.0,,,,,0.0,,,,0.0,0.0,0.0,0.0,0.0,1.0,0.0,1.0,1.0,1.0,1.0,0.0,1.0,1.0,1.0,1.0,0.0,1.0,1.0,1.0,0.0,0.0,0.0,0.0,0.0,0.0,0.0,0.0,0.0,0.0,1.0,0.0,1.0,1.0,1.0,,0.0,,,,,0.0,,,,,0.0,,,,,0.0,,,,0.0,0.0,0.0,0.0,0.0,0.15564090480622464,0.07432042545649845,0.14705465928912517,0.08971125686476865,0.25383465731026494,0.3306050795033263,0.18054954910209547,0.30526644197112235,0.1519804079307819,0.5613877130395081,1.0,0.0,1.0,1.0,1.0,0.6642857142857144,0.28352334564960374,0.6666666666666666,0.3142857142857143,0.9666666666666667,0.7672727272727273,0.2301275248334071,0.8,0.46545454545454545,0.9818181818181818,0.0,0.0,0.0,0.0,0.0,1.0,0.0,1.0,1.0,1.0,0.03778574387988657,0.005997962656166079,0.03662994339448765,0.032242128410545974,0.0456710807216712,1.0,0.0,1.0,1.0,1.0,0.0,0.0,0.0,0.0,0.0,0.0,0.0,0.0,0.0,0.0,0.0,0.0,0.0,0.0,0.0,,0.0,,,
temporal_split_detection_method,one_B_break,5,0.05,0.0,0.05,0.05,0.05,0.0,0.0,0.0,0.0,0.0,1.0,0.0,1.0,1.0,1.0,1.0,0.0,1.0,1.0,1.0,1.0,0.0,1.0,1.0,1.0,1.0,0.0,1.0,1.0,1.0,0.9886204578640218,0.012667872466995285,0.9942857026573217,0.9716247234841222,0.9942857026573217,0.9761618228349871,0.021698773930360456,0.9858658095423244,0.9470498627129754,0.9858658095423244,0.0028571428571428693,0.0031943828249996883,0.0014285714285714457,0.0014285714285714457,0.007142857142857138,1.0,0.0,1.0,1.0,1.0,1.0,0.0,1.0,1.0,1.0,1.0,0.0,1.0,1.0,1.0,0.4156437240418261,0.10220814240674074,0.36749077925346274,0.34468546433894104,0.5559579003082183,0.7595720488814887,0.16500357241087701,0.8026330930795659,0.5600829769332096,0.9405481449780551,0.5161099224719916,0.13993734727488957,0.482389241134916,0.38528880863158926,0.6908226961071955,0.4230136446182927,0.1206743582937136,0.3893957994867632,0.3163872667472925,0.5781733639974953,0.4220801528735933,0.12145332588922945,0.3897528136553423,0.314615239105989,0.5778793366643402,0.24346212640949688,0.11044970944141301,0.20878584034891523,0.1412848364764559,0.38938980908977516,0.09309627785369898,0.021291564398758265,0.09299344164815276,0.06890154188429676,0.11531669387414463,0.9880580283958539,0.017115251319124832,0.9972321031608334,0.9657845436042543,1.0026892079589964,0.0,0.0,0.0,0.0,0.0,0.22984228381865468,0.058381605015547525,0.22664669787600225,0.16442965416758326,0.3000473546184013,0.2927285826008301,0.004302458930751627,0.2925570919906022,0.28866486059559976,0.29829138140485156,1.0,0.0,1.0,1.0,1.0,1.0,0.0,1.0,1.0,1.0,1.0,0.0,1.0,1.0,1.0,0.0,0.0,0.0,0.0,0.0,0.0,0.0,0.0,0.0,0.0,0.0,0.0,0.0,0.0,0.0,2.0,2.23606797749979,1.0,1.0,4.999999999999999,2.0,2.23606797749979,1.0,1.0,4.999999999999999,2.0,2.23606797749979,1.0,1.0,4.999999999999999,0.0028571428571428576,0.0031943828249996996,0.0014285714285714286,0.0014285714285714286,0.007142857142857142,1.0,0.0,1.0,1.0,1.0,1.0,0.0,1.0,1.0,1.0,1.0,0.0,1.0,1.0,1.0,1.0,0.0,1.0,1.0,1.0,0.0,0.0,0.0,0.0,0.0,0.0,0.0,0.0,0.0,0.0,0.0,0.0,0.0,0.0,0.0,2.0,2.23606797749979,1.0,1.0,4.999999999999999,2.0,2.23606797749979,1.0,1.0,4.999999999999999,2.0,2.23606797749979,1.0,1.0,4.999999999999999,0.0028571428571428576,0.0031943828249996996,0.0014285714285714286,0.0014285714285714286,0.007142857142857142,1.0,0.0,1.0,1.0,1.0,0.1864425291657705,0.08105217626337478,0.16179549878924193,0.12898211619382477,0.2970759707360514,0.18465169254836866,0.0624489908414021,0.20112122510801897,0.10271491369903751,0.24031067487045324,0.9866666666666667,0.029814239699997188,1.0,0.9466666666666667,1.0,0.7543415098833055,0.13738332473864434,0.7692307692307693,0.5964912280701754,0.9113725490196078,0.8486831584207897,0.08725604784174314,0.8695652173913044,0.7466666666666667,0.9474137931034483,0.013333333333333332,0.02981423969999719,0.0,0.0,0.05333333333333332,1.0,0.0,1.0,1.0,1.0,0.03973259618010912,0.009455093997388454,0.04173799401520303,0.028650421021081528,0.05050517961101598,0.8400000000000001,0.21908902300206645,1.0,0.6,1.0,1.0,0.0,1.0,1.0,1.0,1.0,0.0,1.0,1.0,1.0,1.0,0.0,1.0,1.0,1.0,0.9199999999999999,0.1095445115010332,1.0,0.8,1.0
temporal_split_detection_method,several_B_breaks,5,0.05,0.0,0.05,0.05,0.05,0.0,0.0,0.0,0.0,0.0,2.0,0.0,2.0,2.0,2.0,2.0,0.0,2.0,2.0,2.0,0.0,0.0,0.0,0.0,0.0,0.0,0.0,0.0,0.0,0.0,0.0,0.0,0.0,0.0,0.0,0.0,0.0,0.0,0.0,0.0,0.6657142857142857,0.0,0.6657142857142857,0.6657142857142857,0.6657142857142857,1.0,0.0,1.0,1.0,1.0,1.0,0.0,1.0,1.0,1.0,1.0,0.0,1.0,1.0,1.0,0.2808669576676214,0.12379439013175897,0.22867092229063013,0.17698436191652073,0.44783145172866234,0.7636160773488776,0.1578651095141355,0.7945597240332298,0.5789756277960233,0.943924377481778,0.5537036355697768,0.14529296983343415,0.5159769226947991,0.41511191128448127,0.7413682579723062,0.5537036355697768,0.14529296983343415,0.5159769226947991,0.41511191128448127,0.7413682579723062,0.4754201315003674,0.12512354179537363,0.44221767926119004,0.3552203793040904,0.637731805716884,0.20991244177910087,0.11750124175012333,0.17904313498825808,0.107456401337734,0.36607341187664777,0.0,0.0,0.0,0.0,0.0,0.0,0.0,0.0,0.0,0.0,0.0,0.0,0.0,0.0,0.0,,0.0,,,,0.2823381021968089,0.008565568916235736,0.2774875309987692,0.27596327279752586,0.293884186190553,0.0,0.0,0.0,0.0,0.0,0.0,0.0,0.0,0.0,0.0,0.0,0.0,0.0,0.0,0.0,0.0,0.0,0.0,0.0,0.0,2.0,0.0,2.0,2.0,2.0,0.0,0.0,0.0,0.0,0.0,,0.0,,,,,0.0,,,,,0.0,,,,,0.0,,,,0.0,0.0,0.0,0.0,0.0,0.0,0.0,0.0,0.0,0.0,0.0,0.0,0.0,0.0,0.0,0.0,0.0,0.0,0.0,0.0,0.0,0.0,0.0,0.0,0.0,2.0,0.0,2.0,2.0,2.0,0.0,0.0,0.0,0.0,0.0,,0.0,,,,,0.0,,,,,0.0,,,,,0.0,,,,0.0,0.0,0.0,0.0,0.0,0.1615211910572388,0.055278062642409906,0.19582754227384694,0.09713439671451213,0.2063537393952855,0.5831009302679933,0.08404745747049235,0.5902087522188963,0.48484223752894073,0.6790217547112235,1.0,0.0,1.0,1.0,1.0,0.6000288600288599,0.18352892010261854,0.7,0.3797979797979798,0.765079365079365,0.7361161387631976,0.1517217494661581,0.8235294117647058,0.5497435897435897,0.8666666666666667,0.0,0.0,0.0,0.0,0.0,0.95,0.11180339887498948,1.0,0.8,1.0,0.24457917470320814,0.0362776412826877,0.25666197840823946,0.1958535721351019,0.27605577713736557,1.0,0.0,1.0,1.0,1.0,0.0,0.0,0.0,0.0,0.0,0.0,0.0,0.0,0.0,0.0,0.0,0.0,0.0,0.0,0.0,,0.0,,,
temporal_split_detection_method,weak_B_break,5,0.05,0.0,0.05,0.05,0.05,0.0,0.0,0.0,0.0,0.0,1.0,0.0,1.0,1.0,1.0,1.0,0.0,1.0,1.0,1.0,0.0,0.0,0.0,0.0,0.0,0.0,0.0,0.0,0.0,0.0,0.0,0.0,0.0,0.0,0.0,0.0,0.0,0.0,0.0,0.0,0.5,0.0,0.5,0.5,0.5,1.0,0.0,1.0,1.0,1.0,1.0,0.0,1.0,1.0,1.0,1.0,0.0,1.0,1.0,1.0,0.2726384467947162,0.14283274158829434,0.244277257881056,0.1375972641189382,0.4601845667725669,0.7751395720219749,0.11767811904843785,0.7673022024582329,0.6569114234038085,0.9256093388596972,0.5659050005511815,0.13842404338370617,0.569824721703042,0.40735478456615476,0.7278589981363681,0.5659050005511815,0.13842404338370617,0.569824721703042,0.40735478456615476,0.7278589981363681,0.5592866437856041,0.14162893205024024,0.5657124989790786,0.39886936606894247,0.7266417025596256,0.2092345714707934,0.12625223461932011,0.18155999055929828,0.09401794104123853,0.37288320160580113,0.0,0.0,0.0,0.0,0.0,0.0,0.0,0.0,0.0,0.0,0.0,0.0,0.0,0.0,0.0,,0.0,,,,0.30681989539880306,0.018486791823446227,0.31258235800487455,0.28320691219996663,0.3254727417952381,0.0,0.0,0.0,0.0,0.0,0.0,0.0,0.0,0.0,0.0,0.0,0.0,0.0,0.0,0.0,0.0,0.0,0.0,0.0,0.0,1.0,0.0,1.0,1.0,1.0,0.0,0.0,0.0,0.0,0.0,,0.0,,,,,0.0,,,,,0.0,,,,,0.0,,,,0.0,0.0,0.0,0.0,0.0,0.0,0.0,0.0,0.0,0.0,0.0,0.0,0.0,0.0,0.0,0.0,0.0,0.0,0.0,0.0,0.0,0.0,0.0,0.0,0.0,1.0,0.0,1.0,1.0,1.0,0.0,0.0,0.0,0.0,0.0,,0.0,,,,,0.0,,,,,0.0,,,,,0.0,,,,0.0,0.0,0.0,0.0,0.0,0.1153371461149775,0.05745640381429471,0.08774615692088637,0.07514008647167883,0.19444533391970897,0.3847889602735501,0.221928583539937,0.34603607847907225,0.19273010675659555,0.6788515674757156,0.8928571428571429,0.10714285714285715,0.8571428571428571,0.7714285714285715,1.0,0.8380952380952381,0.20440167648890242,0.8571428571428571,0.5666666666666667,1.0,0.8426240426240426,0.1028021162415426,0.8571428571428571,0.7047619047619047,0.9202797202797203,0.10714285714285714,0.10714285714285714,0.14285714285714285,0.0,0.22857142857142854,0.9466666666666667,0.07673909622147557,1.0,0.8466666666666667,1.0,0.07515533161894182,0.022871065963009328,0.061274975369125434,0.0559408704789194,0.10072001259447845,1.0,0.0,1.0,1.0,1.0,0.0,0.0,0.0,0.0,0.0,0.0,0.0,0.0,0.0,0.0,0.0,0.0,0.0,0.0,0.0,,0.0,,,
temporal_split_detection_method,wrong_lag_order,5,0.78,0.24899799195977462,0.85,0.44,0.95,0.0,0.0,0.0,0.0,0.0,0.0,0.0,0.0,0.0,0.0,0.0,0.0,0.0,0.0,0.0,0.0,0.0,0.0,0.0,0.0,0.0,0.0,0.0,0.0,0.0,1.0,0.0,1.0,1.0,1.0,1.0,0.0,1.0,1.0,1.0,0.0,0.0,0.0,0.0,0.0,1.0,0.0,1.0,1.0,1.0,1.0,0.0,1.0,1.0,1.0,1.0,0.0,1.0,1.0,1.0,0.24330493642333564,0.12863133406469324,0.20629443541501663,0.1229927893805944,0.4118526143822211,0.7684953643679577,0.11935819903186848,0.7259825066596144,0.6928408756253684,0.9323637215261551,0.5912977881272299,0.12974976462325213,0.5702141207828236,0.4459667792503522,0.7473155505982946,0.5912977881272299,0.12974976462325213,0.5702141207828236,0.4459667792503522,0.7473155505982946,0.5912977881272299,0.12974976462325213,0.5702141207828236,0.4459667792503522,0.7473155505982946,0.17719757624072782,0.10434964847752216,0.17617097464161446,0.06560349249892446,0.3064967823478181,0.0,0.0,0.0,0.0,0.0,,0.0,,,,0.0,0.0,0.0,0.0,0.0,,0.0,,,,0.3313354040001286,0.08107479734171479,0.3035693550045835,0.25932681359990967,0.4396502143965335,1.0,0.0,1.0,1.0,1.0,1.0,0.0,1.0,1.0,1.0,1.0,0.0,1.0,1.0,1.0,0.0,0.0,0.0,0.0,0.0,0.0,0.0,0.0,0.0,0.0,1.0,0.0,1.0,1.0,1.0,,0.0,,,,,0.0,,,,,0.0,,,,,0.0,,,,0.0,0.0,0.0,0.0,0.0,1.0,0.0,1.0,1.0,1.0,1.0,0.0,1.0,1.0,1.0,1.0,0.0,1.0,1.0,1.0,0.0,0.0,0.0,0.0,0.0,0.0,0.0,0.0,0.0,0.0,1.0,0.0,1.0,1.0,1.0,,0.0,,,,,0.0,,,,,0.0,,,,,0.0,,,,0.0,0.0,0.0,0.0,0.0,0.3465264880089559,0.18511423672149038,0.2762286471629132,0.1816262332733973,0.565903668393613,0.5920455407669138,0.2705523167687175,0.6958980510598988,0.3037185112757115,0.8700186604021927,0.655,0.216072904363319,0.625,0.445,0.9249999999999999,0.7011904761904761,0.08034611917331885,0.6666666666666666,0.6333333333333333,0.8095238095238095,0.6611904761904762,0.11114101071629029,0.6666666666666666,0.525,0.7828571428571429,0.34500000000000003,0.216072904363319,0.375,0.07500000000000001,0.5549999999999999,0.96,0.08944271909999157,1.0,0.8400000000000001,1.0,0.07031554386811836,0.029563208105538415,0.08331866518568273,0.03770448622879354,0.10092169522526791,1.0,0.0,1.0,1.0,1.0,0.0,0.0,0.0,0.0,0.0,0.0,0.0,0.0,0.0,0.0,0.0,0.0,0.0,0.0,0.0,,0.0,,,
