method,scenario,seed,status,split_detected,n_true_splits,n_detected_splits,selected_root_feature,root_feature_exact_hit,root_feature_proxy_family_hit,permutation_p,feature_precision,feature_recall,feature_f1,feature_fdr,split_count_absolute_error,threshold_mae_iqr,regime_ari,regime_nmi,regime_row_accuracy,minimum_leaf_fraction,relative_parameter_error,intercept_error,joint_test_loss_pooled,joint_test_loss_partitioned,joint_test_loss_predictive_tree,joint_test_loss_oracle,delta_loss_pooled,oracle_improvement_recovered,rmse,runtime_seconds,bootstrap_support_jaccard,bootstrap_threshold_median,bootstrap_threshold_q05,bootstrap_threshold_q95,bootstrap_leaf_count_mode,bootstrap_root_frequency_X1,bootstrap_root_frequency_X2,bootstrap_root_frequency_X3,bootstrap_root_frequency_X4,bootstrap_root_frequency_X5,bootstrap_root_frequency_X6,bootstrap_root_frequency_X7,bootstrap_root_frequency_X8,bootstrap_root_frequency_X9,bootstrap_root_frequency_X10,bootstrap_root_frequency_X11,bootstrap_root_frequency_X12,bootstrap_root_frequency_X13,bootstrap_root_frequency_X14,bootstrap_root_frequency_X15,bootstrap_root_frequency_X16,bootstrap_root_frequency_X17,bootstrap_root_frequency_X18,bootstrap_root_frequency_X19,bootstrap_root_frequency_X20
causal_model_determination,null,0,ok,0.0,0.0,0.0,-1.0,0.0,0.0,0.2,1.0,1.0,1.0,0.0,0.0,,1.0,1.0,1.0,1.0,0.07000666078724453,0.025248159129720588,0.472741021869201,0.47274102098375587,0.7361727428692788,0.472741021869201,8.854451061246493e-10,,0.6675154820749867,1.442250301988679,0.1,-0.6587948554396033,-0.8073620110984061,0.6721927896802085,1.0,0.0,0.0,0.0,0.0,0.2,0.0,0.0,0.0,0.0,0.2,0.0,0.0,0.0,0.0,0.0,0.2,0.0,0.0,0.0,0.0
causal_model_determination,null,1,ok,0.0,0.0,0.0,-1.0,0.0,0.0,0.2,1.0,1.0,1.0,0.0,0.0,,1.0,1.0,1.0,1.0,0.06642527962915501,0.03285071033007234,0.3930974681051385,0.39309746770779747,0.6878781404437326,0.3930974681051385,3.9734104895217115e-10,,0.6110110181081851,1.2059214679902652,0.6,0.405519473255431,0.405519473255431,0.405519473255431,1.0,0.0,0.0,0.0,0.0,0.0,0.0,0.0,0.0,0.0,0.2,0.0,0.0,0.0,0.0,0.0,0.0,0.0,0.0,0.0,0.0
causal_model_determination,null,2,ok,0.0,0.0,0.0,-1.0,0.0,0.0,0.8,1.0,1.0,1.0,0.0,0.0,,1.0,1.0,1.0,1.0,0.06951785734856512,0.027273998105300228,0.2677309686221265,0.26773096847638184,0.49534380890651986,0.2677309686221265,1.457446385799699e-10,,0.49837928053589803,1.2823045369877946,1.0,,,,1.0,0.0,0.0,0.0,0.0,0.0,0.0,0.0,0.0,0.0,0.0,0.0,0.0,0.0,0.0,0.0,0.0,0.0,0.0,0.0,0.0
causal_model_determination,null,3,ok,0.0,0.0,0.0,-1.0,0.0,0.0,0.65,1.0,1.0,1.0,0.0,0.0,,1.0,1.0,1.0,1.0,0.09293351751873571,0.04831995165686579,0.24448197585134768,0.2444819752799491,0.5503259198882365,0.24448197585134768,5.713985673505562e-10,,0.5111503960664496,1.8034231019992149,0.32,-0.8522018934420051,-1.0518064931053375,-0.6525972937786728,1.0,0.2,0.0,0.0,0.2,0.0,0.0,0.0,0.0,0.0,0.0,0.0,0.0,0.0,0.0,0.0,0.0,0.0,0.0,0.0,0.0
causal_model_determination,null,4,ok,0.0,0.0,0.0,-1.0,0.0,0.0,0.65,1.0,1.0,1.0,0.0,0.0,,1.0,1.0,1.0,1.0,0.08357240892370338,0.07869963802093309,0.3519421261247157,0.3519421249688452,0.6761072980725581,0.3519421261247157,1.1558705104164346e-09,,0.5763311243036915,1.7464791579986922,0.3,-0.38066131675714293,-0.9294543019308636,0.1681316684165778,1.0,0.2,0.0,0.0,0.0,0.0,0.0,0.0,0.0,0.0,0.2,0.0,0.0,0.0,0.0,0.0,0.0,0.0,0.0,0.0,0.0
causal_model_determination,clean_one_split,0,ok,1.0,1.0,1.0,4.0,1.0,1.0,0.05,1.0,1.0,1.0,0.0,0.0,0.020555857074077557,0.9214879672716482,0.8780410502799977,0.98,0.4642857142857143,0.1539604019634612,0.05552283321047797,0.554596200067878,0.48078024153919857,0.7676797613851912,0.4809070015417302,0.07381595852867945,1.0017201978725099,0.6765839954052143,4.452288672997383,0.6333333333333333,0.01952155544082618,-0.0285449014113685,0.04599572080701586,2.0,0.0,0.0,0.0,0.0,1.0,0.0,0.0,0.0,0.0,0.0,0.0,0.0,0.0,0.0,0.0,0.0,0.0,0.0,0.0,0.0
causal_model_determination,clean_one_split,1,ok,1.0,1.0,1.0,4.0,1.0,1.0,0.05,1.0,1.0,1.0,0.0,0.0,0.021612178261526217,0.9772409141470718,0.9548900192035227,0.9942857142857143,0.5,0.09962713712586765,0.04866240440060288,0.3880241111439,0.346749509932029,0.7150478445613014,0.34566103557501676,0.04127460121187099,0.9743060591707423,0.5864244925861108,3.5618292239960283,0.8,0.08824963973797197,0.07787459564485018,0.1138614539626442,2.0,0.0,0.0,0.0,0.0,1.0,0.0,0.0,0.0,0.0,0.0,0.0,0.0,0.0,0.0,0.0,0.0,0.0,0.0,0.0,0.0
causal_model_determination,clean_one_split,2,ok,1.0,1.0,1.0,4.0,1.0,1.0,0.05,1.0,1.0,1.0,0.0,0.0,0.0013233075384495318,1.0,1.0,1.0,0.4714285714285714,0.0822091549040561,0.04881555808841272,0.2929498945113922,0.2466700305377194,0.5198650034728423,0.24656197316619122,0.046279863973672786,0.9976705709504836,0.4878766229699832,2.436502644995926,0.8,-0.012865694162471884,-0.023996759277007874,0.02024573171987597,2.0,0.0,0.0,0.0,0.0,1.0,0.0,0.0,0.0,0.0,0.0,0.0,0.0,0.0,0.0,0.0,0.0,0.0,0.0,0.0,0.0
causal_model_determination,clean_one_split,3,ok,1.0,1.0,1.0,4.0,1.0,1.0,0.05,1.0,1.0,1.0,0.0,0.0,0.021386409459606896,0.9435928261420945,0.9060939722944148,0.9857142857142858,0.49857142857142855,0.09028549424379755,0.050385845675827594,0.2372663619751323,0.21192565198365856,0.541326102058699,0.21263911153391368,0.025340709991473725,1.0289703291058836,0.4781040408115447,5.557089219000773,0.45,0.09313504451666438,0.04650892424259325,0.12495417152017387,2.0,0.0,0.0,0.0,0.0,1.0,0.0,0.0,0.0,0.0,0.0,0.0,0.0,0.0,0.0,0.0,0.0,0.0,0.0,0.0,0.0
causal_model_determination,clean_one_split,4,ok,1.0,1.0,1.0,4.0,1.0,1.0,0.05,1.0,1.0,1.0,0.0,0.0,0.05117199256584283,0.8942248000887767,0.8465395706065985,0.9728571428571429,0.46714285714285714,0.07436380412436644,0.06857882974684638,0.2983581011940299,0.26130771672981223,0.6620004644213963,0.25942319978793543,0.037050384464217656,0.9515982608451702,0.5120666687662293,6.277142612001626,0.6333333333333333,0.03593319789856263,-0.04170264422620291,0.053266564871168355,2.0,0.0,0.0,0.0,0.0,1.0,0.0,0.0,0.0,0.0,0.0,0.0,0.0,0.0,0.0,0.0,0.0,0.0,0.0,0.0,0.0
causal_model_determination,weak_change,0,ok,0.0,1.0,0.0,-1.0,0.0,0.0,0.05,0.0,0.0,0.0,0.0,1.0,,0.0,0.0,0.5157142857142857,1.0,0.1426933751776896,0.023337009860483957,0.48948913344432743,0.4894891325053086,0.750571280402648,0.4891106303405224,9.390188071556338e-10,2.4808747873287716e-06,0.6785618460258508,4.9362154670088785,0.1,-0.6587948554396033,-0.8073620110984061,0.6721927896802085,1.0,0.0,0.0,0.0,0.0,0.2,0.0,0.0,0.0,0.0,0.2,0.0,0.0,0.0,0.0,0.0,0.2,0.0,0.0,0.0,0.0
causal_model_determination,weak_change,1,ok,0.0,1.0,0.0,-1.0,0.0,0.0,0.3,0.0,0.0,0.0,0.0,1.0,,0.0,0.0,0.5057142857142857,1.0,0.09010953791876149,0.0555113272348412,0.38719576432799707,0.3871957640860518,0.6980078927641712,0.3874288987449572,2.41945297130286e-10,-1.0377931336139555e-06,0.6113481044426318,3.915464798003086,0.6,0.405519473255431,0.405519473255431,0.405519473255431,1.0,0.0,0.0,0.0,0.0,0.0,0.0,0.0,0.0,0.0,0.2,0.0,0.0,0.0,0.0,0.0,0.0,0.0,0.0,0.0,0.0
causal_model_determination,weak_change,2,ok,0.0,1.0,0.0,-1.0,0.0,0.0,0.7,0.0,0.0,0.0,0.0,1.0,,0.0,0.0,0.5285714285714286,1.0,0.12047701966694045,0.014578788824724293,0.27413559773638524,0.27413559758336553,0.49648344404809386,0.2704854574982793,1.5301970801573361e-10,4.192159698914344e-08,0.5061683452179944,3.5954004539962625,1.0,,,,1.0,0.0,0.0,0.0,0.0,0.0,0.0,0.0,0.0,0.0,0.0,0.0,0.0,0.0,0.0,0.0,0.0,0.0,0.0,0.0,0.0
causal_model_determination,weak_change,3,ok,0.0,1.0,0.0,-1.0,0.0,0.0,0.75,0.0,0.0,0.0,0.0,1.0,,0.0,0.0,0.5128571428571429,1.0,0.11194508541542784,0.0562702878614362,0.24008750570260115,0.24008750527989328,0.5391572209356786,0.24070303320255804,4.227078687080166e-10,-6.867408340612315e-07,0.5069174610549396,5.079276282005594,0.3,-0.9479874963575114,-1.0613850533968883,-0.8345899393181349,1.0,0.2,0.0,0.2,0.0,0.0,0.0,0.0,0.0,0.0,0.0,0.0,0.0,0.0,0.0,0.0,0.0,0.0,0.0,0.0,0.0
causal_model_determination,weak_change,4,ok,0.0,1.0,0.0,-1.0,0.0,0.0,0.5,0.0,0.0,0.0,0.0,1.0,,0.0,0.0,0.5057142857142857,1.0,0.11646426681815937,0.07892927210402546,0.3265042481778317,0.3265042472990834,0.6913197413544215,0.32913078662924,8.787482963512616e-10,-3.3456517489020185e-07,0.5606151702459902,4.8324219479982276,0.3,-0.38066131675714293,-0.9294543019308636,0.1681316684165778,1.0,0.2,0.0,0.0,0.0,0.0,0.0,0.0,0.0,0.0,0.2,0.0,0.0,0.0,0.0,0.0,0.0,0.0,0.0,0.0,0.0
causal_model_determination,correlated_proxy,0,ok,1.0,1.0,1.0,4.0,1.0,1.0,0.05,1.0,1.0,1.0,0.0,0.0,0.020555857074077557,0.9214879212613134,0.8780187604532287,0.98,0.46285714285714286,0.09432820877101812,0.04902092723873491,0.5456216098437258,0.4758983338310812,0.7772258244499718,0.4719865250804762,0.06972327601264455,0.9468757486572851,0.6983969895458843,2.6509333699941635,0.8,0.01952155544082618,-0.0285449014113685,0.04599572080701586,2.0,0.0,0.0,0.0,0.0,1.0,0.0,0.0,0.0,0.0,0.0,0.0,0.0,0.0,0.0,0.0,0.0,0.0,0.0,0.0,0.0
causal_model_determination,correlated_proxy,1,ok,1.0,1.0,1.0,4.0,1.0,1.0,0.05,1.0,1.0,1.0,0.0,0.0,0.021612178261526217,0.9715920204689724,0.9459108115021346,0.9928571428571429,0.4928571428571429,0.08914555581755365,0.051646028417989064,0.3971972317815929,0.33858376592642375,0.6852156870087004,0.3387608013384382,0.05861346585516913,1.0030295384347045,0.5663080206271568,2.7055106199986767,0.6333333333333333,0.08824963973797197,0.07787459564485018,0.1138614539626442,2.0,0.0,0.0,0.0,0.0,1.0,0.0,0.0,0.0,0.0,0.0,0.0,0.0,0.0,0.0,0.0,0.0,0.0,0.0,0.0,0.0
causal_model_determination,correlated_proxy,2,ok,1.0,1.0,1.0,4.0,1.0,1.0,0.05,1.0,1.0,1.0,0.0,0.0,0.0013233075384495318,1.0,1.0,1.0,0.4685714285714286,0.08741274289555073,0.024698462932644796,0.2977156133093527,0.2575608155371951,0.5373827223295148,0.2574608865694018,0.04015479777215758,0.9975175842469663,0.5012207857735699,2.5613721850095317,0.5,-0.02525796961422461,-0.11032987365469976,0.07760517984768925,3.0,0.0,0.0,0.0,0.0,1.0,0.0,0.0,0.0,0.0,0.0,0.0,0.0,0.0,0.0,0.0,0.0,0.0,0.0,0.0,0.0
causal_model_determination,correlated_proxy,3,ok,1.0,1.0,1.0,4.0,1.0,1.0,0.05,1.0,1.0,1.0,0.0,0.0,0.021386409459606896,0.9491599686339107,0.9135302342136633,0.9871428571428571,0.5,0.07031465417940533,0.028889863620295136,0.2228265365185046,0.19443884952511226,0.5566671019987703,0.1922277352425232,0.028387686993392336,0.9277385325442579,0.459312811986686,2.7870383720000973,0.31999999999999995,-0.04400339128532795,-0.07852136405950856,0.04650892424259325,3.0,0.0,0.0,0.0,0.0,1.0,0.0,0.0,0.0,0.0,0.0,0.0,0.0,0.0,0.0,0.0,0.0,0.0,0.0,0.0,0.0
causal_model_determination,correlated_proxy,4,ok,1.0,1.0,1.0,4.0,1.0,1.0,0.05,1.0,1.0,1.0,0.0,0.0,0.057444303171432426,0.8514530975108088,0.8015812843182373,0.9614285714285714,0.48142857142857143,0.10194530088080318,0.06538922044406853,0.287009455396854,0.2543699436862683,0.6344542965639675,0.24450614189912678,0.03263951171058571,0.7679286395478563,0.5072002337565306,4.216523495997535,0.8,0.045912273548925006,0.015964314852916352,0.10068191856158708,2.0,0.0,0.0,0.0,0.0,1.0,0.0,0.0,0.0,0.0,0.0,0.0,0.0,0.0,0.0,0.0,0.0,0.0,0.0,0.0,0.0
causal_model_determination,unbalanced_regimes,0,ok,1.0,1.0,1.0,4.0,1.0,1.0,0.05,1.0,1.0,1.0,0.0,0.0,0.024531878094825127,0.9591340948244172,0.912661123717933,0.9914285714285714,0.1757142857142857,0.20126642932177052,0.07326644402894382,0.5228157525952867,0.4899790517750871,0.7801270282490916,0.4907559652810816,0.03283670082019957,1.0242332707444468,0.6695460335548711,4.012652697987505,0.4,0.9694390871858448,0.8993678335554359,1.003742722868506,3.0,0.0,0.0,0.0,0.0,1.0,0.0,0.0,0.0,0.0,0.0,0.0,0.0,0.0,0.0,0.0,0.0,0.0,0.0,0.0,0.0
causal_model_determination,unbalanced_regimes,1,ok,1.0,1.0,1.0,4.0,1.0,1.0,0.05,1.0,1.0,1.0,0.0,0.0,0.03483231637273447,0.9408131797931053,0.8804692155065025,0.9885714285714285,0.15714285714285714,0.1322695749465347,0.0628405162209688,0.4086303103501758,0.38208477229916143,0.7028089113900301,0.37938048335087293,0.02654553805101434,0.9075451301522925,0.6063099727979724,2.0696207509899978,0.33333333333333337,0.9904554777222063,0.9519504069223063,1.0289605485221063,1.0,0.0,0.0,0.0,0.0,0.4,0.0,0.0,0.0,0.0,0.0,0.0,0.0,0.0,0.0,0.0,0.0,0.0,0.0,0.0,0.0
causal_model_determination,unbalanced_regimes,2,ok,1.0,1.0,1.0,4.0,1.0,1.0,0.05,1.0,1.0,1.0,0.0,0.0,0.016625056291303498,0.9657085161443982,0.9240018996174731,0.9928571428571429,0.1742857142857143,0.10814247155649717,0.03319659281359702,0.2944870518393211,0.26564253835594737,0.5118483780428819,0.2633555440528495,0.028844513483373746,0.9265376313031747,0.4953414108828222,3.1825516269891523,0.45,0.916599048278033,0.8094001446446059,1.0316605759782267,2.0,0.0,0.0,0.0,0.0,0.8,0.0,0.0,0.0,0.0,0.0,0.0,0.0,0.0,0.0,0.0,0.0,0.0,0.0,0.0,0.0
causal_model_determination,unbalanced_regimes,3,ok,1.0,1.0,1.0,4.0,1.0,1.0,0.05,1.0,1.0,1.0,0.0,0.0,0.029788826280614262,0.9450680786632977,0.8891994098421346,0.9885714285714285,0.17,0.12013124899864451,0.0425216980081774,0.24764789945167412,0.23416999892191534,0.5454451971475951,0.23169390848442714,0.01347790052975878,0.8447980544447135,0.5017222348584092,3.7371282140084077,0.125,0.5002703074757779,-0.9852716265508934,1.0897968239171092,3.0,0.2,0.0,0.0,0.2,0.6,0.0,0.0,0.0,0.0,0.0,0.0,0.0,0.0,0.0,0.0,0.0,0.0,0.0,0.0,0.0
causal_model_determination,unbalanced_regimes,4,ok,1.0,1.0,1.0,4.0,1.0,1.0,0.05,1.0,1.0,1.0,0.0,0.0,0.03139181283493644,0.9416826047479274,0.8821902451308843,0.9885714285714285,0.15,0.11524300730750184,0.08924181989705193,0.3394113648850096,0.31922923156768174,0.7010259558795761,0.31653042756093414,0.020182133317327877,0.8820501114738905,0.5559291655445392,2.6246025000000373,0.6333333333333333,0.9319195684689784,0.9104559659981493,1.0552356980135198,3.0,0.0,0.0,0.0,0.0,1.0,0.0,0.0,0.0,0.0,0.0,0.0,0.0,0.0,0.0,0.0,0.0,0.0,0.0,0.0,0.0
causal_model_determination,multiple_outcomes,0,ok,1.0,1.0,1.0,4.0,1.0,1.0,0.05,1.0,1.0,1.0,0.0,0.0,0.020555857074077557,0.9214879672716482,0.8780410502799977,0.98,0.4642857142857143,0.17111840255213404,0.06024244133500119,0.5445562412592714,0.5098923319989851,0.7579147523146995,0.5082697880727979,0.034663909260286285,0.955285133053675,0.690928186139299,3.6069072029931704,0.575,0.0015576055819325058,-0.07872518439235385,0.021921610518969115,2.0,0.0,0.0,0.0,0.0,1.0,0.0,0.0,0.0,0.0,0.0,0.0,0.0,0.0,0.0,0.0,0.0,0.0,0.0,0.0,0.0
causal_model_determination,multiple_outcomes,1,ok,0.0,1.0,0.0,-1.0,0.0,0.0,0.05,0.0,0.0,0.0,0.0,1.0,,0.0,0.0,0.5057142857142857,1.0,0.1854493849140411,0.04376982680996367,0.4146358919945099,0.41463589155791913,0.6898473902491213,0.40156863605741816,4.365907635417443e-10,3.3411051688554625e-08,0.6277620990148322,2.01209120900603,0.6,0.5201222967278949,0.5201222967278949,0.5201222967278949,1.0,0.0,0.0,0.0,0.0,0.0,0.0,0.0,0.0,0.0,0.2,0.0,0.0,0.0,0.0,0.0,0.0,0.0,0.0,0.0,0.0
causal_model_determination,multiple_outcomes,2,ok,0.0,1.0,0.0,-1.0,0.0,0.0,0.85,0.0,0.0,0.0,0.0,1.0,,0.0,0.0,0.5285714285714286,1.0,0.09132544061880402,0.025837584641132637,0.2721344181797867,0.27213441810138517,0.4883786700677266,0.27206506103131023,7.840150750837438e-11,1.1304026943235776e-06,0.5027405082430304,1.449941011989722,1.0,,,,1.0,0.0,0.0,0.0,0.0,0.0,0.0,0.0,0.0,0.0,0.0,0.0,0.0,0.0,0.0,0.0,0.0,0.0,0.0,0.0,0.0
causal_model_determination,multiple_outcomes,3,ok,0.0,1.0,0.0,-1.0,0.0,0.0,0.7,0.0,0.0,0.0,0.0,1.0,,0.0,0.0,0.5128571428571429,1.0,0.12985775177505965,0.05200025199529522,0.2486199610886012,0.24861996069548584,0.5484188195566045,0.24363228854064856,3.931153735869941e-10,7.881739825690052e-08,0.5155330403537298,1.7369894349976676,0.32,-0.8522018934420051,-1.0518064931053375,-0.6525972937786728,1.0,0.2,0.0,0.0,0.2,0.0,0.0,0.0,0.0,0.0,0.0,0.0,0.0,0.0,0.0,0.0,0.0,0.0,0.0,0.0,0.0
causal_model_determination,multiple_outcomes,4,ok,1.0,1.0,1.0,4.0,1.0,1.0,0.05,1.0,1.0,1.0,0.0,0.0,0.05117199256584283,0.8942248000887767,0.8465395706065985,0.9728571428571429,0.46714285714285714,0.07798635839265211,0.07506260533671892,0.31677495478453077,0.2961573299981453,0.6753857010167309,0.2954973139674186,0.020617624786385458,0.9689807701709142,0.5380551650817292,3.1852098390081665,0.6333333333333333,0.03593319789856263,-0.04170264422620291,0.053266564871168355,2.0,0.0,0.0,0.0,0.0,1.0,0.0,0.0,0.0,0.0,0.0,0.0,0.0,0.0,0.0,0.0,0.0,0.0,0.0,0.0,0.0
causal_model_determination,multiple_splits,0,ok,1.0,2.0,2.0,4.0,1.0,1.0,0.05,1.0,1.0,1.0,0.0,0.0,0.003954876169138308,0.9684512948208964,0.938772999273674,0.9857142857142858,0.22285714285714286,0.15666481945835742,0.0592739825123012,0.5216435141582109,0.4474027290729783,0.8074819611758124,0.444160971322312,0.07424078508523257,0.958161443442402,0.6768970527788464,3.689413957996294,1.0,0.05459042432380486,0.010689922142779282,0.1524950182179344,3.0,0.0,0.0,0.0,0.0,1.0,0.0,0.0,0.0,0.0,0.0,0.0,0.0,0.0,0.0,0.0,0.0,0.0,0.0,0.0,0.0
causal_model_determination,multiple_splits,1,ok,1.0,2.0,2.0,4.0,1.0,1.0,0.05,1.0,1.0,1.0,0.0,0.0,0.026007794840899854,0.9332090430290333,0.9100859130653489,0.9785714285714285,0.24428571428571427,0.1369525340645129,0.09292340476697963,0.5142281186910387,0.411343962653236,0.7441012532956304,0.4032761838027259,0.10288415603780271,0.9272858210302387,0.6031662541298154,3.710784146998776,1.0,0.08229601207432138,0.04648371007922857,0.1095857962349906,3.0,0.0,0.0,0.0,0.0,1.0,0.0,0.0,0.0,0.0,0.0,0.0,0.0,0.0,0.0,0.0,0.0,0.0,0.0,0.0,0.0
causal_model_determination,multiple_splits,2,ok,1.0,2.0,2.0,4.0,1.0,1.0,0.05,1.0,1.0,1.0,0.0,0.0,0.012483618425872171,0.9767417119781069,0.9541698565588549,0.9914285714285714,0.21571428571428572,0.08534062332336423,0.07504625384934933,0.34131246958768907,0.2697576547162302,0.5795397280808984,0.26906217035984326,0.07155481487145887,0.9903739588095866,0.5240294761215345,2.687796079990221,0.7333333333333333,-0.03911349883216102,-0.04612709295690468,0.06167835997576106,3.0,0.0,0.0,0.0,0.0,1.0,0.0,0.0,0.0,0.0,0.0,0.0,0.0,0.0,0.0,0.0,0.0,0.0,0.0,0.0,0.0
causal_model_determination,multiple_splits,3,ok,1.0,2.0,2.0,4.0,1.0,1.0,0.05,1.0,1.0,1.0,0.0,0.0,0.036599659381963454,0.8923471249273739,0.840182486997622,0.9585714285714285,0.22,0.06389794648006938,0.057320231021307545,0.3114723709544268,0.17811349414307961,0.5538217752021201,0.17067779940764086,0.1333588768113472,0.9471876319253695,0.41781153571950413,2.8184302959998604,0.7,-0.005298080677161033,-0.04790799163786714,0.035522091803930525,3.0,0.0,0.0,0.0,0.0,1.0,0.0,0.0,0.0,0.0,0.0,0.0,0.0,0.0,0.0,0.0,0.0,0.0,0.0,0.0,0.0
causal_model_determination,multiple_splits,4,ok,1.0,2.0,2.0,4.0,1.0,1.0,0.05,1.0,1.0,1.0,0.0,0.0,0.002028258425021534,0.9852756793426451,0.9686359559479935,0.9928571428571429,0.24285714285714285,0.10008617278936184,0.08284909976641558,0.3396354595130238,0.2591328517331391,0.6864860844396928,0.2577377668111339,0.08050260777988472,0.9829655161704819,0.47648903534147324,2.865945235986146,0.75,-0.028017031878090858,-0.07389368696446433,0.02138349514722321,3.0,0.0,0.0,0.0,0.0,1.0,0.0,0.0,0.0,0.0,0.0,0.0,0.0,0.0,0.0,0.0,0.0,0.0,0.0,0.0,0.0
causal_model_determination,global_nonlinearity_correct,0,ok,0.0,0.0,0.0,-1.0,0.0,0.0,0.2,1.0,1.0,1.0,0.0,0.0,,1.0,1.0,1.0,1.0,,,0.25247038698148866,0.2524703867386538,0.5781987180958316,0.25247038698148866,2.428348633287669e-10,,0.5265625962755873,1.4288256569998339,1.0,,,,1.0,0.0,0.0,0.0,0.0,0.0,0.0,0.0,0.0,0.0,0.0,0.0,0.0,0.0,0.0,0.0,0.0,0.0,0.0,0.0,0.0
causal_model_determination,global_nonlinearity_correct,1,ok,0.0,0.0,0.0,-1.0,0.0,0.0,0.4,1.0,1.0,1.0,0.0,0.0,,1.0,1.0,1.0,1.0,,,0.2773012178145525,0.27730121769459376,0.5702737416639736,0.2773012178145525,1.199587651434797e-10,,0.514664118157071,1.3061519140028395,1.0,,,,1.0,0.0,0.0,0.0,0.0,0.0,0.0,0.0,0.0,0.0,0.0,0.0,0.0,0.0,0.0,0.0,0.0,0.0,0.0,0.0,0.0
causal_model_determination,global_nonlinearity_correct,2,ok,0.0,0.0,0.0,-1.0,0.0,0.0,0.95,1.0,1.0,1.0,0.0,0.0,,1.0,1.0,1.0,1.0,,,0.28884130879665665,0.2888413083786258,0.5262943271854312,0.28884130879665665,4.180308321721782e-10,,0.5388322096902161,1.180470396997407,1.0,,,,1.0,0.0,0.0,0.0,0.0,0.0,0.0,0.0,0.0,0.0,0.0,0.0,0.0,0.0,0.0,0.0,0.0,0.0,0.0,0.0,0.0
causal_model_determination,global_nonlinearity_correct,3,ok,0.0,0.0,0.0,-1.0,0.0,0.0,0.6,1.0,1.0,1.0,0.0,0.0,,1.0,1.0,1.0,1.0,,,0.2996007041233634,0.2996007040071785,0.5679911127709674,0.2996007041233634,1.161849505493251e-10,,0.5512885706491412,1.0153497720020823,1.0,,,,1.0,0.0,0.0,0.0,0.0,0.0,0.0,0.0,0.0,0.0,0.0,0.0,0.0,0.0,0.0,0.0,0.0,0.0,0.0,0.0,0.0
causal_model_determination,global_nonlinearity_correct,4,ok,0.0,0.0,0.0,-1.0,0.0,0.0,0.55,1.0,1.0,1.0,0.0,0.0,,1.0,1.0,1.0,1.0,,,0.28006731270530527,0.2800673123184562,0.5540906481168403,0.28006731270530527,3.868490527914048e-10,,0.5096866559763896,1.1357483489991864,1.0,,,,1.0,0.0,0.0,0.0,0.0,0.0,0.0,0.0,0.0,0.0,0.0,0.0,0.0,0.0,0.0,0.0,0.0,0.0,0.0,0.0,0.0
causal_model_determination,global_nonlinearity_misspecified,0,ok,1.0,0.0,3.0,0.0,0.0,0.0,0.05,0.0,1.0,0.0,1.0,3.0,,0.0,0.0,0.37,0.06714285714285714,,,0.9675898841872425,0.2846622126344751,0.5781987180958316,0.9675898841872425,0.6829276715527673,,0.559977299523933,2.200071592000313,1.0,-0.15241693926964564,-0.2069077146771305,0.005719408912760921,4.0,1.0,0.0,0.0,0.0,0.0,0.0,0.0,0.0,0.0,0.0,0.0,0.0,0.0,0.0,0.0,0.0,0.0,0.0,0.0,0.0
causal_model_determination,global_nonlinearity_misspecified,1,ok,1.0,0.0,3.0,0.0,0.0,0.0,0.05,0.0,1.0,0.0,1.0,3.0,,0.0,0.0,0.4257142857142857,0.04285714285714286,,,0.948828935108193,0.2948815888026003,0.5702737416639736,0.948828935108193,0.6539473463055927,,0.5306976061384542,2.181868758998462,1.0,-0.23143407710585337,-0.3350497702028694,-0.10596863223487299,4.0,1.0,0.0,0.0,0.0,0.0,0.0,0.0,0.0,0.0,0.0,0.0,0.0,0.0,0.0,0.0,0.0,0.0,0.0,0.0,0.0
causal_model_determination,global_nonlinearity_misspecified,2,ok,1.0,0.0,3.0,0.0,0.0,0.0,0.05,0.0,1.0,0.0,1.0,3.0,,0.0,0.0,0.41,0.07857142857142857,,,0.9469759300604691,0.3071133516155243,0.5262943271854312,0.9469759300604691,0.6398625784449448,,0.5556724567151722,2.244238931001746,1.0,-0.09024400787323772,-0.19662073800853716,-0.028864819275779722,4.0,1.0,0.0,0.0,0.0,0.0,0.0,0.0,0.0,0.0,0.0,0.0,0.0,0.0,0.0,0.0,0.0,0.0,0.0,0.0,0.0
causal_model_determination,global_nonlinearity_misspecified,3,ok,1.0,0.0,3.0,0.0,0.0,0.0,0.05,0.0,1.0,0.0,1.0,3.0,,0.0,0.0,0.46,0.06142857142857143,,,0.9358813261617723,0.32634674888509957,0.5679911127709674,0.9358813261617723,0.6095345772766727,,0.5754312919410544,2.3332335450104438,1.0,0.21193158954401947,-0.04741631208288832,0.23727053979602816,4.0,1.0,0.0,0.0,0.0,0.0,0.0,0.0,0.0,0.0,0.0,0.0,0.0,0.0,0.0,0.0,0.0,0.0,0.0,0.0,0.0
causal_model_determination,global_nonlinearity_misspecified,4,ok,1.0,0.0,3.0,0.0,0.0,0.0,0.05,0.0,1.0,0.0,1.0,3.0,,0.0,0.0,0.39571428571428574,0.06571428571428571,,,0.9511204492098333,0.3024068726947026,0.5540906481168403,0.9511204492098333,0.6487135765151306,,0.5295683720084521,2.194861222000327,1.0,-0.16447878718485154,-0.22807580725014356,-0.0726546682648945,4.0,1.0,0.0,0.0,0.0,0.0,0.0,0.0,0.0,0.0,0.0,0.0,0.0,0.0,0.0,0.0,0.0,0.0,0.0,0.0,0.0
causal_model_determination,main_effect_distractor,0,ok,0.0,0.0,0.0,-1.0,0.0,0.0,0.25,1.0,1.0,1.0,0.0,0.0,,1.0,1.0,1.0,1.0,0.028894604112255105,0.016430951531536703,0.10348265866121531,0.10348265908465043,0.29468561277974453,0.10348265866121531,-4.234351203002973e-10,,0.3142086014212888,1.0279485110077076,1.0,,,,1.0,0.0,0.0,0.0,0.0,0.0,0.0,0.0,0.0,0.0,0.0,0.0,0.0,0.0,0.0,0.0,0.0,0.0,0.0,0.0,0.0
causal_model_determination,main_effect_distractor,1,ok,0.0,0.0,0.0,-1.0,0.0,0.0,0.25,1.0,1.0,1.0,0.0,0.0,,1.0,1.0,1.0,1.0,0.023269494152622743,0.014646773611652578,0.0702360053491879,0.07023600583733529,0.262953070541701,0.0702360053491879,-4.881473836260142e-10,,0.265435140823531,1.1261302739876555,0.6,0.5201222967278949,0.5201222967278949,0.5201222967278949,1.0,0.0,0.0,0.0,0.0,0.0,0.0,0.0,0.0,0.0,0.2,0.0,0.0,0.0,0.0,0.0,0.0,0.0,0.0,0.0,0.0
causal_model_determination,main_effect_distractor,2,ok,0.0,0.0,0.0,-1.0,0.0,0.0,0.9,1.0,1.0,1.0,0.0,0.0,,1.0,1.0,1.0,1.0,0.036448971176674706,0.01483855808685966,0.07393614057069411,0.07393614046852771,0.32453799839994923,0.07393614057069411,1.0216640033977598e-10,,0.26041284502376916,1.106714995999937,1.0,,,,1.0,0.0,0.0,0.0,0.0,0.0,0.0,0.0,0.0,0.0,0.0,0.0,0.0,0.0,0.0,0.0,0.0,0.0,0.0,0.0,0.0
causal_model_determination,main_effect_distractor,3,ok,0.0,0.0,0.0,-1.0,0.0,0.0,0.45,1.0,1.0,1.0,0.0,0.0,,1.0,1.0,1.0,1.0,0.041719822004681106,0.023020772480166346,0.07586388732591469,0.07586388600216372,0.29625159689286545,0.07586388732591469,1.3237509699504102e-09,,0.2595949351989368,1.0955705359956482,0.6,-1.073984781956819,-1.073984781956819,-1.073984781956819,1.0,0.2,0.0,0.0,0.0,0.0,0.0,0.0,0.0,0.0,0.0,0.0,0.0,0.0,0.0,0.0,0.0,0.0,0.0,0.0,0.0
causal_model_determination,main_effect_distractor,4,ok,0.0,0.0,0.0,-1.0,0.0,0.0,0.7,1.0,1.0,1.0,0.0,0.0,,1.0,1.0,1.0,1.0,0.032500885753019175,0.035076300285652375,0.07431244546934133,0.07431244516545744,0.2699124536708784,0.07431244546934133,3.0388389027358187e-10,,0.27783994520855526,1.4105344940035138,0.3,-0.38066131675714293,-0.9294543019308636,0.1681316684165778,1.0,0.2,0.0,0.0,0.0,0.0,0.0,0.0,0.0,0.0,0.2,0.0,0.0,0.0,0.0,0.0,0.0,0.0,0.0,0.0,0.0
causal_model_determination,variance_only_change,0,ok,0.0,0.0,0.0,-1.0,0.0,0.0,0.05,1.0,1.0,1.0,0.0,0.0,,1.0,1.0,1.0,1.0,0.12566042362671784,0.039753620654653744,0.6776117056550065,0.677611704800143,0.8595980965230261,0.6776117056550065,8.548635133109883e-10,,0.8025796928957654,1.31215356499888,0.4,0.8526740627026471,0.8233396814944337,0.8820084439108605,1.0,0.0,0.0,0.0,0.0,0.4,0.0,0.0,0.0,0.0,0.0,0.0,0.0,0.0,0.0,0.0,0.0,0.0,0.0,0.0,0.0
causal_model_determination,variance_only_change,1,ok,0.0,0.0,0.0,-1.0,0.0,0.0,0.35,1.0,1.0,1.0,0.0,0.0,,1.0,1.0,1.0,1.0,0.10098232950830825,0.039966322524543144,0.6112551560510794,0.6112551554691019,0.805344018921815,0.6112551560510794,5.81977466218575e-10,,0.7649398766771345,1.167256515007466,1.0,,,,1.0,0.0,0.0,0.0,0.0,0.0,0.0,0.0,0.0,0.0,0.0,0.0,0.0,0.0,0.0,0.0,0.0,0.0,0.0,0.0,0.0
causal_model_determination,variance_only_change,2,ok,0.0,0.0,0.0,-1.0,0.0,0.0,0.85,1.0,1.0,1.0,0.0,0.0,,1.0,1.0,1.0,1.0,0.10606473158872579,0.030820958587843436,0.45165257466960035,0.4516525746135251,0.6265362192976723,0.45165257466960035,5.607525555006987e-11,,0.6594616997559501,1.1193793199927313,1.0,,,,1.0,0.0,0.0,0.0,0.0,0.0,0.0,0.0,0.0,0.0,0.0,0.0,0.0,0.0,0.0,0.0,0.0,0.0,0.0,0.0,0.0
causal_model_determination,variance_only_change,3,ok,0.0,0.0,0.0,-1.0,0.0,0.0,0.6,1.0,1.0,1.0,0.0,0.0,,1.0,1.0,1.0,1.0,0.12739211019242294,0.0451766151654709,0.40023633194216385,0.40023633094275085,0.6319330329407283,0.40023633194216385,9.994129968049492e-10,,0.6368193660728244,1.0809929139941232,0.6,-0.3666163259794234,-0.3666163259794234,-0.3666163259794234,1.0,0.0,0.2,0.0,0.0,0.0,0.0,0.0,0.0,0.0,0.0,0.0,0.0,0.0,0.0,0.0,0.0,0.0,0.0,0.0,0.0
causal_model_determination,variance_only_change,4,ok,0.0,0.0,0.0,-1.0,0.0,0.0,0.25,1.0,1.0,1.0,0.0,0.0,,1.0,1.0,1.0,1.0,0.12421375322122928,0.07294373239968649,0.5693818360641676,0.5693818344092102,0.7986986001554305,0.5693818360641676,1.654957393348866e-09,,0.7217892154232627,0.97749389699311,1.0,,,,1.0,0.0,0.0,0.0,0.0,0.0,0.0,0.0,0.0,0.0,0.0,0.0,0.0,0.0,0.0,0.0,0.0,0.0,0.0,0.0,0.0
