compiled,correction,estimable,expert_estimates,final,gate,identified_probability,scale,scenario,split,step,support_probability,target,task,weights,world_weights,episode_number,seed,seed_provenance,absolute_error,split_probability,split_truth,structure,structure_correct
-0.7792076468467712,6.105204874984338e-08,True,"[-0.7874152064323425, -0.6502097249031067, -0.8169957399368286, -0.7975354194641113, -0.7689269781112671, -0.6068248152732849]",-0.7792075872421265,0.006692850962281227,1.0,0.7794299721717834,ate_ood_hinge,validation_ood,100,0.9985541701316833,-0.886867105960846,static_ate,"[0.2399849146604538, 0.10000010579824448, 0.2172367125749588, 0.25423070788383484, 0.18854759633541107, 0.0]","[0.16674849390983582, 0.16651849448680878, 0.167035311460495, 0.16650855541229248, 0.16668178141117096, 0.16650733351707458]",1,11001729,reconstructed from saved stream and validate generation order,0.10765951871871948,,,,
1.4728457927703857,0.0,True,"[1.3235924243927002, 1.6341674327850342, 1.519386887550354, 1.4918140172958374, 1.4606289863586426, 1.8813283443450928]",1.4728457927703857,0.006692850962281227,1.0,1.9739971160888672,ate_ood_hinge,validation_ood,100,0.9987474679946899,1.4236599206924438,static_ate,"[0.210773766040802, 0.12393359839916229, 0.21182285249233246, 0.22918346524238586, 0.2242862731218338, 0.0]","[0.1667456030845642, 0.1665179580450058, 0.16703420877456665, 0.16651205718517303, 0.16668114066123962, 0.1665090024471283]",2,11001730,reconstructed from saved stream and validate generation order,0.049185872077941895,,,,
1.58355712890625,1.1211118078335858e-07,True,"[1.647536039352417, 1.1713173389434814, 1.6683051586151123, 1.6670235395431519, 1.569169521331787, 1.8795959949493408]",1.5835572481155396,0.006692850962281227,1.0,1.4004743099212646,ate_ood_hinge,validation_ood,100,0.9986168146133423,1.466999888420105,static_ate,"[0.20764097571372986, 0.11978024989366531, 0.2371782660484314, 0.22745521366596222, 0.20794528722763062, 0.0]","[0.16674724221229553, 0.16651828587055206, 0.16703520715236664, 0.16650964319705963, 0.1666819304227829, 0.16650770604610443]",3,11001731,reconstructed from saved stream and validate generation order,0.11655735969543457,,,,
0.802173376083374,0.0,True,"[0.6598108410835266, 1.4517011642456055, 0.7609291076660156, 0.8088979721069336, 0.6985068917274475, 0.7929154634475708]",0.802173376083374,0.006692850962281227,1.0,1.20623779296875,ate_ood_hinge,validation_ood,100,0.9986575841903687,0.44673413038253784,static_ate,"[0.24000059068202972, 0.0960557758808136, 0.18397930264472961, 0.2637939751148224, 0.21617037057876587, 0.0]","[0.16674484312534332, 0.16651730239391327, 0.16703471541404724, 0.16651244461536407, 0.1666824072599411, 0.166508287191391]",4,11001732,reconstructed from saved stream and validate generation order,0.3554392457008362,,,,
-0.7408441305160522,0.0,True,"[-0.6614935398101807, -0.9790034890174866, -0.7434272766113281, -0.7552047967910767, -0.7018679976463318, -0.8292088508605957]",-0.7408441305160522,0.006692850962281227,1.0,1.3048145771026611,ate_ood_multiplicative,validation_ood,100,0.9986880421638489,-0.7564421892166138,static_ate,"[0.2429186850786209, 0.09404860436916351, 0.21075324714183807, 0.26175057888031006, 0.19052883982658386, 0.0]","[0.16674867272377014, 0.16651900112628937, 0.16703523695468903, 0.1665078103542328, 0.16668175160884857, 0.1665075272321701]",1,11011729,reconstructed from saved stream and validate generation order,0.015598058700561523,,,,
0.6850495338439941,0.0,True,"[0.718954861164093, -0.14254571497440338, 0.8395524024963379, 0.7604567408561707, 0.8681796789169312, 0.7532671689987183]",0.6850495338439941,0.006692850962281227,1.0,1.4179937839508057,ate_ood_multiplicative,validation_ood,100,0.9988310933113098,0.43997257947921753,static_ate,"[0.21448536217212677, 0.12050560116767883, 0.2545086443424225, 0.20459531247615814, 0.20590506494045258, 0.0]","[0.16674832999706268, 0.16651882231235504, 0.16703562438488007, 0.1665084809064865, 0.16668234765529633, 0.16650639474391937]",2,11011730,reconstructed from saved stream and validate generation order,0.2450769543647766,,,,
0.16615018248558044,1.109558400713695e-08,True,"[0.11937414854764938, 0.29803481698036194, 0.20862793922424316, 0.16721250116825104, 0.10119964927434921, 0.28591713309288025]",0.16615019738674164,0.006692850962281227,1.0,1.1245521306991577,ate_ood_multiplicative,validation_ood,100,0.9989558458328247,-0.12978695333003998,static_ate,"[0.22704990208148956, 0.12571555376052856, 0.1932416409254074, 0.2320631891489029, 0.22192968428134918, 0.0]","[0.16674888134002686, 0.16651880741119385, 0.16703565418720245, 0.16650789976119995, 0.16668207943439484, 0.16650667786598206]",3,11011731,reconstructed from saved stream and validate generation order,0.2959371507167816,,,,
-0.7906811237335205,5.9306653810153875e-08,True,"[-0.6465142369270325, -0.6358115077018738, -0.8596118092536926, -0.9127321839332581, -0.8233064413070679, -0.9510628581047058]",-0.7906810641288757,0.006692850962281227,1.0,1.5068949460983276,ate_ood_multiplicative,validation_ood,100,0.9987539052963257,-0.6607608795166016,static_ate,"[0.25041642785072327, 0.09898591041564941, 0.2004549652338028, 0.2563934028148651, 0.19374926388263702, 0.0]","[0.1667480766773224, 0.16651907563209534, 0.1670348197221756, 0.1665090173482895, 0.166681170463562, 0.16650782525539398]",4,11011732,reconstructed from saved stream and validate generation order,0.12992018461227417,,,,
-0.21669481694698334,0.0,True,"[-0.30324384570121765, 0.45801228284835815, -0.30153003334999084, -0.22980482876300812, -0.31240105628967285, -0.283981055021286]",-0.21669481694698334,0.006692850962281227,1.0,1.3603888750076294,ate_ood_saturation,validation_ood,100,0.9987043142318726,-0.8518704175949097,static_ate,"[0.24690881371498108, 0.08854195475578308, 0.1655234396457672, 0.2836926579475403, 0.21533317863941193, 0.0]","[0.16674989461898804, 0.16651922464370728, 0.16703563928604126, 0.16650649905204773, 0.16668197512626648, 0.1665067970752716]",1,11021729,reconstructed from saved stream and validate generation order,0.6351756006479263,,,,
-0.8976564407348633,-7.843771498983187e-08,True,"[-0.9098466634750366, -0.8484933376312256, -0.8885133862495422, -0.9328213334083557, -0.8835269808769226, -0.21408890187740326]",-0.8976565003395081,0.006692850962281227,1.0,0.9905334115028381,ate_ood_saturation,validation_ood,100,0.998690664768219,-0.5549851655960083,static_ate,"[0.22822976112365723, 0.1160440519452095, 0.236705020070076, 0.22330588102340698, 0.19571520388126373, 0.0]","[0.16674812138080597, 0.16651877760887146, 0.1670350432395935, 0.16650864481925964, 0.16668158769607544, 0.16650785505771637]",2,11021730,reconstructed from saved stream and validate generation order,0.34267133474349976,,,,
-1.0712445974349976,-1.069501678330198e-07,True,"[-1.0621225833892822, -0.947184681892395, -1.1231248378753662, -1.091459035873413, -1.0706543922424316, -0.8770006895065308]",-1.071244716644287,0.006692850962281227,1.0,1.3199291229248047,ate_ood_saturation,validation_ood,100,0.9986549615859985,-0.8835889101028442,static_ate,"[0.25339171290397644, 0.10988089442253113, 0.21952493488788605, 0.23074056208133698, 0.1864619106054306, 0.0]","[0.1667483150959015, 0.1665189266204834, 0.16703511774539948, 0.16650860011577606, 0.16668134927749634, 0.16650773584842682]",3,11021731,reconstructed from saved stream and validate generation order,0.18765580654144287,,,,
1.2280126810073853,0.0,True,"[1.1306045055389404, 2.265669107437134, 1.1422063112258911, 1.074661135673523, 1.1741758584976196, 1.3885517120361328]",1.2280126810073853,0.006692850962281227,1.0,1.1867213249206543,ate_ood_saturation,validation_ood,100,0.998578667640686,1.2900288105010986,static_ate,"[0.23371165990829468, 0.08935452252626419, 0.19104738533496857, 0.27535971999168396, 0.2105267345905304, 0.0]","[0.16674740612506866, 0.16651871800422668, 0.1670348346233368, 0.16650961339473724, 0.16668136417865753, 0.16650806367397308]",4,11021732,reconstructed from saved stream and validate generation order,0.06201612949371338,,,,
,,,,,,,,regime_ood_intercept_split,validation_ood,100,,3.0,observed_regime,,,1,11031729,reconstructed from saved stream and validate generation order,,0.47643351554870605,1.0,3.0,True
,,,,,,,,regime_ood_intercept_split,validation_ood,100,,2.0,observed_regime,,,2,11031730,reconstructed from saved stream and validate generation order,,0.5233233571052551,1.0,3.0,False
,,,,,,,,regime_ood_intercept_split,validation_ood,100,,6.0,observed_regime,,,3,11031731,reconstructed from saved stream and validate generation order,,0.440650075674057,1.0,2.0,False
,,,,,,,,regime_ood_intercept_split,validation_ood,100,,6.0,observed_regime,,,4,11031732,reconstructed from saved stream and validate generation order,,0.467831552028656,1.0,5.0,False
,,,,,,,,regime_ood_variance_split,validation_ood,100,,5.0,observed_regime,,,1,11041729,reconstructed from saved stream and validate generation order,,0.454983651638031,1.0,5.0,True
,,,,,,,,regime_ood_variance_split,validation_ood,100,,6.0,observed_regime,,,2,11041730,reconstructed from saved stream and validate generation order,,0.4888194501399994,1.0,6.0,True
,,,,,,,,regime_ood_variance_split,validation_ood,100,,2.0,observed_regime,,,3,11041731,reconstructed from saved stream and validate generation order,,0.47998958826065063,1.0,2.0,True
,,,,,,,,regime_ood_variance_split,validation_ood,100,,2.0,observed_regime,,,4,11041732,reconstructed from saved stream and validate generation order,,0.48615723848342896,1.0,2.0,True
,,,,,,,,regime_ood_threshold_split,validation_ood,100,,3.0,observed_regime,,,1,11051729,reconstructed from saved stream and validate generation order,,0.46535390615463257,1.0,3.0,True
,,,,,,,,regime_ood_threshold_split,validation_ood,100,,3.0,observed_regime,,,2,11051730,reconstructed from saved stream and validate generation order,,0.4725807011127472,1.0,4.0,False
,,,,,,,,regime_ood_threshold_split,validation_ood,100,,2.0,observed_regime,,,3,11051731,reconstructed from saved stream and validate generation order,,0.4543852210044861,1.0,3.0,False
,,,,,,,,regime_ood_threshold_split,validation_ood,100,,6.0,observed_regime,,,4,11051732,reconstructed from saved stream and validate generation order,,0.4987561106681824,1.0,6.0,True
-0.570151686668396,0.0,True,"[-0.5888618230819702, -0.5642553567886353, -0.774747371673584, -0.6406092643737793, -0.8976595401763916, 0.0]",-0.570151686668396,0.006692850962281227,1.0,0.6887626647949219,interference_ood_small_world,validation_ood,100,0.9989725351333618,-0.44999998807907104,network_interference,"[0.20933541655540466, 0.14831110835075378, 0.13260813057422638, 0.2235211431980133, 0.13063886761665344, 0.15558531880378723]","[0.16656778752803802, 0.16635800898075104, 0.16694721579551697, 0.1666148453950882, 0.16666850447654724, 0.16684362292289734]",1,11061729,reconstructed from saved stream and validate generation order,0.12015169858932495,,,,
-0.731957197189331,0.0,True,"[-0.6610345840454102, -0.7169851660728455, -1.1951630115509033, -0.7971850037574768, -1.2054134607315063, 0.0]",-0.731957197189331,0.006692850962281227,1.0,0.7560996413230896,interference_ood_small_world,validation_ood,100,0.9989489912986755,-1.2907180786132812,network_interference,"[0.19668133556842804, 0.13955983519554138, 0.13353486359119415, 0.23422196507453918, 0.12905743718147278, 0.16694453358650208]","[0.1665666699409485, 0.16635745763778687, 0.16694700717926025, 0.16661562025547028, 0.16666917502880096, 0.16684404015541077]",2,11061730,reconstructed from saved stream and validate generation order,0.5587608814239502,,,,
-0.9677042961120605,8.051086552995912e-08,True,"[-0.9760311841964722, -0.8956435918807983, -1.367971658706665, -1.3133087158203125, -1.191188931465149, 0.0]",-0.9677042365074158,0.006692850962281227,1.0,0.9995261430740356,interference_ood_small_world,validation_ood,100,0.9989487528800964,-1.3111392259597778,network_interference,"[0.19802144169807434, 0.13308368623256683, 0.1374257206916809, 0.23129966855049133, 0.137233704328537, 0.1629357635974884]","[0.16656869649887085, 0.16635741293430328, 0.16694636642932892, 0.16661295294761658, 0.16666844487190247, 0.16684609651565552]",3,11061731,reconstructed from saved stream and validate generation order,0.34343498945236206,,,,
-0.20696602761745453,0.0,True,"[-0.1387261301279068, -0.05698200687766075, -0.3790619969367981, -0.2243315428495407, -0.5663527250289917, 0.0]",-0.20696602761745453,0.006692850962281227,1.0,1.1030446290969849,interference_ood_small_world,validation_ood,100,0.9991080164909363,-0.6302383542060852,network_interference,"[0.20981676876544952, 0.14264976978302002, 0.10245133936405182, 0.24033772945404053, 0.1359219253063202, 0.16882245242595673]","[0.1665669083595276, 0.1663561910390854, 0.1669459044933319, 0.16661369800567627, 0.16666968166828156, 0.1668476164340973]",4,11061732,reconstructed from saved stream and validate generation order,0.4232723265886307,,,,
1.2375621795654297,0.0,True,"[1.2857884168624878, 1.2421573400497437, 1.7005382776260376, 1.2267414331436157, 1.4998646974563599, 0.0]",1.2375621795654297,0.006692850962281227,1.0,0.7342997789382935,interference_ood_erdos_renyi,validation_ood,100,0.9985764026641846,1.340234398841858,network_interference,"[0.2297133058309555, 0.12198808789253235, 0.13995365798473358, 0.27288269996643066, 0.1452917456626892, 0.0901704803109169]","[0.166567862033844, 0.16635674238204956, 0.16694679856300354, 0.16661421954631805, 0.1666685789823532, 0.16684582829475403]",1,11071729,reconstructed from saved stream and validate generation order,0.10267221927642822,,,,
-0.33602413535118103,0.0,True,"[-0.32758039236068726, -0.4478057026863098, -0.6046523451805115, -0.355828195810318, -0.3758678138256073, 0.0]",-0.33602413535118103,0.006692850962281227,1.0,0.7643800973892212,interference_ood_erdos_renyi,validation_ood,100,0.9990597367286682,-0.44999998807907104,network_interference,"[0.20215487480163574, 0.13500572741031647, 0.12427444010972977, 0.22749684751033783, 0.14168067276477814, 0.16938738524913788]","[0.1665685474872589, 0.16635672748088837, 0.16694676876068115, 0.1666136085987091, 0.16666778922080994, 0.16684657335281372]",2,11071730,reconstructed from saved stream and validate generation order,0.11397585272789001,,,,
0.9026893973350525,0.0,True,"[0.8138859272003174, 0.5761380195617676, 1.6403625011444092, 1.2532650232315063, 0.7722300291061401, 0.0]",0.9026893973350525,0.006692850962281227,1.0,0.662419855594635,interference_ood_erdos_renyi,validation_ood,100,0.9985017776489258,1.2929672002792358,network_interference,"[0.246659055352211, 0.15624438226222992, 0.13932761549949646, 0.22535638511180878, 0.13071179389953613, 0.10170086473226547]","[0.16656658053398132, 0.1663563847541809, 0.16694682836532593, 0.1666153222322464, 0.1666690707206726, 0.16684590280056]",3,11071731,reconstructed from saved stream and validate generation order,0.39027780294418335,,,,
1.4401719570159912,-1.5061637270719075e-07,True,"[1.4130839109420776, 1.5137039422988892, 2.2569639682769775, 1.5316755771636963, 1.4445092678070068, 0.0]",1.440171718597412,0.006692850962281227,1.0,0.9197461009025574,interference_ood_erdos_renyi,validation_ood,100,0.9985944628715515,1.3963910341262817,network_interference,"[0.23470532894134521, 0.1364106684923172, 0.13264594972133636, 0.2599853277206421, 0.14152765274047852, 0.09472503513097763]","[0.16656716167926788, 0.16635580360889435, 0.1669461578130722, 0.16661383211612701, 0.16666916012763977, 0.1668478548526764]",4,11071732,reconstructed from saved stream and validate generation order,0.04378068447113037,,,,
-0.8627989888191223,0.0,True,"[-0.6014216542243958, -0.6437384486198425, -3.0561110973358154, -0.5974388718605042, -1.2957290410995483, 0.0]",-0.8627989888191223,0.006692850962281227,1.0,0.893146276473999,interference_ood_nonmonotone,validation_ood,100,0.9988020658493042,-2.7256972789764404,network_interference,"[0.1869090497493744, 0.12314290553331375, 0.11736694723367691, 0.24532948434352875, 0.12800532579421997, 0.19924624264240265]","[0.16656723618507385, 0.16635584831237793, 0.1669463962316513, 0.16661405563354492, 0.1666688472032547, 0.1668475866317749]",1,11081729,reconstructed from saved stream and validate generation order,1.8628982901573181,,,,
-0.34444162249565125,0.0,True,"[-0.20798122882843018, 0.03829598426818848, -1.7698827981948853, -0.25446125864982605, -0.6296010613441467, 0.0]",-0.34444162249565125,0.006692850962281227,1.0,0.9264171719551086,interference_ood_nonmonotone,validation_ood,100,0.9989166259765625,-1.9976640939712524,network_interference,"[0.1869659125804901, 0.10482045263051987, 0.08996199071407318, 0.268148273229599, 0.13042370975017548, 0.21967965364456177]","[0.16656646132469177, 0.16635628044605255, 0.1669466495513916, 0.16661520302295685, 0.16666942834854126, 0.16684599220752716]",2,11081730,reconstructed from saved stream and validate generation order,1.6532224714756012,,,,
0.4209357798099518,0.0,True,"[0.0897023156285286, 0.140873983502388, 1.6917431354522705, 0.23537716269493103, 0.5068933367729187, 0.0]",0.4209357798099518,0.006692850962281227,1.0,0.675761878490448,interference_ood_nonmonotone,validation_ood,100,0.9988111257553101,1.6859630346298218,network_interference,"[0.24980947375297546, 0.18118572235107422, 0.15378932654857635, 0.19108723104000092, 0.13386112451553345, 0.09026708453893661]","[0.1665676087141037, 0.16635620594024658, 0.1669464260339737, 0.16661402583122253, 0.1666688770055771, 0.16684682667255402]",3,11081731,reconstructed from saved stream and validate generation order,1.26502725481987,,,,
0.25417378544807434,0.0,True,"[0.0717010423541069, 0.3261168599128723, 0.8507436513900757, 0.14994162321090698, 0.36380308866500854, 0.0]",0.25417378544807434,0.006692850962281227,1.0,0.7417418956756592,interference_ood_nonmonotone,validation_ood,100,0.9989076852798462,0.8999999761581421,network_interference,"[0.2344740927219391, 0.13468851149082184, 0.1236356720328331, 0.22777944803237915, 0.1487114429473877, 0.13071081042289734]","[0.16656824946403503, 0.16635626554489136, 0.1669466495513916, 0.16661350429058075, 0.16666798293590546, 0.1668473482131958]",4,11081732,reconstructed from saved stream and validate generation order,0.6458261907100677,,,,
