method,scenario,seed,status,K_true_relevant,K_selected,K_absolute_error,K_exact_recovery,selected_features,any_component_selected,joint_test_nrmse,mean_test_rmse,mean_test_r2,pca_joint_test_nrmse,dense_pls_joint_test_nrmse,sparse_regression_joint_test_nrmse,oracle_joint_test_nrmse,runtime_seconds,rmse_Y1,rmse_Y2,rmse_Y3,rmse_Y4,r2_Y1,r2_Y2,r2_Y3,r2_Y4,support_precision,support_recall,support_f1,support_fdr,noise_features_selected,assignment_coverage,ari_signal,nmi_signal,ari_with_noise,mean_group_jaccard,mean_score_correlation,mean_score_r2,mean_loading_cosine,subspace_error,bootstrap_support_jaccard,bootstrap_group_ari
latent_variable_determination,clean_balanced_groups,0,ok,4.0,4.0,0.0,1.0,30.0,1.0,0.3057586690029596,0.5544993188361729,0.6942413309970403,0.30202514562091803,0.30211590612102907,0.3137766298376642,0.2623515842300385,0.1124843630095711,0.5538413475696825,0.5376578447262436,0.6013777818683057,0.5251203011804599,0.6933567360846113,0.7087060792408675,0.6700257886184615,0.7048767200442212,1.0,0.9375,0.967741935483871,0.0,0.0,0.9375,0.9280742459396751,0.9517420318399953,0.8785830409857106,0.9375,0.944795966729002,0.8934845511557964,0.9384229497243344,0.24504442845101518,0.8662627456433075,0.7161724374664599
latent_variable_determination,clean_balanced_groups,1,ok,4.0,4.0,0.0,1.0,31.0,1.0,0.31524406919310344,0.5718916278543011,0.6847559308068966,0.3147672645264046,0.3144157175553745,0.32347728834761524,0.2728342071688523,0.11119129099824931,0.5700668034836736,0.5613145316535231,0.6057550302546543,0.5504301460253538,0.7152673082028727,0.662841226436429,0.6822944124668762,0.6786207761214085,1.0,0.96875,0.9841269841269841,0.0,0.0,0.96875,0.9587217043941412,0.9671434505504625,0.93496117355025,0.96875,0.9680328191945256,0.937116828237754,0.9704567798362153,0.23605752474065106,0.7544996755654431,0.44023141573873215
latent_variable_determination,clean_balanced_groups,2,ok,4.0,4.0,0.0,1.0,30.0,1.0,0.29260426235679726,0.5435704493855915,0.7073957376432027,0.28760048810568095,0.28799275865433877,0.29568954409592774,0.24748612746695114,0.11167720200319309,0.5623222639782606,0.5109895876842214,0.5420791545589037,0.5588907913209803,0.7073809849403161,0.7371104486004046,0.7189742853001021,0.6661172317319879,1.0,0.9375,0.967741935483871,0.0,0.0,0.9375,0.8496605237633366,0.888784111498315,0.8343896705228333,0.8854166666666666,0.9447965069706268,0.8936109401737321,0.9347904606275357,0.23845556910680196,0.8046336206896552,0.560485997560557
latent_variable_determination,clean_balanced_groups,3,ok,4.0,4.0,0.0,1.0,31.0,1.0,0.31856306520311306,0.563003600654558,0.6814369347968869,0.3177279469344603,0.31739807126896963,0.3272995332288599,0.27450466202716955,0.11355326400371268,0.5595510116629364,0.559303539427926,0.581463538751906,0.5516963127754634,0.6787434155282448,0.6689288870337688,0.6834834234455335,0.6945920131800009,1.0,0.96875,0.9841269841269841,0.0,0.0,0.96875,0.8761651131824234,0.9014303516513876,0.8870378277451711,0.9131944444444444,0.9653756687523758,0.9320041322416923,0.9716644868595352,0.24614010977283546,0.8047379032258064,0.5504995269762623
latent_variable_determination,clean_balanced_groups,4,ok,4.0,4.0,0.0,1.0,32.0,1.0,0.2843422948777451,0.5368981159953194,0.715657705122255,0.2841975904621846,0.28351364877799534,0.2908516646396231,0.2469701934919301,0.11654016899410635,0.5298811455374911,0.5308038229727368,0.5598931464279759,0.5270143490430739,0.7074804275087977,0.7318025440241233,0.7075853255434984,0.7157625234126004,1.0,1.0,1.0,0.0,0.0,1.0,1.0,1.0,1.0,1.0,0.9753997345921082,0.9514085499322116,0.9979297439403474,0.22302532333432779,0.7984879032258065,0.5569118936299285
latent_variable_determination,weak_measurement,0,ok,4.0,4.0,0.0,1.0,32.0,1.0,0.47788585660857297,0.6930829051307106,0.522114143391427,0.4474015433081759,0.4471936148559829,0.4625207228939904,0.2623515842300385,0.10276931899716146,0.7082516871797196,0.6846072867560334,0.7278718685060108,0.6516007780810782,0.4985381323555874,0.5277168163140931,0.5166128389762334,0.5455887859197942,1.0,1.0,1.0,0.0,0.0,1.0,0.6905730129390019,0.7591936621885461,0.8139612801724766,0.7826388888888889,0.5891439737433535,0.35090850098643506,0.6789729456107887,0.5370657564461578,0.9268987857223152,0.35902704399353297
latent_variable_determination,weak_measurement,1,ok,4.0,4.0,0.0,1.0,29.0,1.0,0.4923509753630448,0.7158509951321782,0.5076490246369552,0.4641878512291032,0.4628124902111321,0.47873530647241913,0.2728342071688523,0.10329158398963045,0.7288370502328305,0.6841948223955926,0.7873579965611864,0.6630141113391032,0.5345782077975944,0.4990649028706431,0.46324601227520745,0.533706975604376,1.0,0.90625,0.9508196721311475,0.0,0.0,0.90625,0.7921104536489152,0.8379650287163688,0.7668539721435915,0.8541666666666666,0.7560059788450422,0.5749862624023593,0.8274320162739612,0.5471838491991572,0.9022159450290379,0.6441040921863859
latent_variable_determination,weak_measurement,2,ok,4.0,4.0,0.0,1.0,32.0,1.0,0.43276722135051815,0.6616759313673786,0.5672327786494819,0.42763701011289185,0.4282579333987502,0.4444462679229854,0.24748612746695114,0.1035435670055449,0.6826925499713883,0.6320941947625289,0.6710155955167132,0.660901385218884,0.568697164237516,0.5977344628224421,0.5693882510856147,0.5331112364523545,1.0,1.0,1.0,0.0,0.0,1.0,0.6287083103003501,0.7240288529387309,0.7765446365625159,0.7354166666666666,0.6188201554490182,0.38667580723001044,0.7148295921014962,0.4993957238723962,0.9431251419486714,0.397228126219486
latent_variable_determination,weak_measurement,3,ok,4.0,4.0,0.0,1.0,31.0,1.0,0.4750535076597927,0.6872454153598421,0.5249464923402073,0.46671545298570316,0.46675272870540774,0.49117883912386034,0.27450466202716955,0.10248494498955552,0.70070946260074,0.6824868201307573,0.701919626447882,0.6638657522599893,0.49621105650405906,0.5070365830755625,0.5387607497507096,0.5577775800304979,1.0,0.96875,0.9841269841269841,0.0,0.0,0.96875,0.78839590443686,0.8341244783170079,0.8360414229386022,0.8625,0.8163205859637195,0.6677423655216712,0.906790259857217,0.5268042275200719,0.8899499022482894,0.6025887668717593
latent_variable_determination,weak_measurement,4,ok,4.0,4.0,0.0,1.0,31.0,1.0,0.4511642218199458,0.6760589108328471,0.5488357781800541,0.42745196615744063,0.42339288370945566,0.4367046824512026,0.2469701934919301,0.11839582299580798,0.6488200152072248,0.6579463024142421,0.7085414176386563,0.688927908071265,0.5614223718146427,0.5879333462279632,0.5317051902446805,0.5142822044329303,1.0,0.96875,0.9841269841269841,0.0,0.0,0.96875,0.7196684250188395,0.7981908985307937,0.7959213024219065,0.8034722222222221,0.7662866387010959,0.5901213448038961,0.8569756390568193,0.5155638764075878,0.864810641998735,0.5350867036416914
latent_variable_determination,weak_outcome_relevance,0,ok,4.0,4.0,0.0,1.0,28.0,1.0,0.8165849435137615,0.9152601033843812,0.1834150564862384,0.8110609318622058,0.8128185757643291,0.8308425265304554,0.7996572913497652,0.11330355600512121,0.9359916283066705,0.8825603694240296,0.9843761771778613,0.8581122386289637,0.18318625001702205,0.21397821962987051,0.13207260716159208,0.20442314913646897,1.0,0.875,0.9333333333333333,0.0,0.0,0.875,0.6503067484662577,0.7349577806507054,0.6580934744146663,0.702020202020202,0.8292543643126561,0.7091316871585638,0.8178086675163153,0.2679195017351709,0.925,0.8327262763364148
latent_variable_determination,weak_outcome_relevance,1,ok,4.0,3.0,1.0,0.0,33.0,1.0,0.8519859006343735,0.9229495111593764,0.14801409936562654,0.8317326037750106,0.8450467425272601,0.8520504064799013,0.8178832447587379,0.1099193709960673,0.9376430273040746,0.8710460103732063,0.9949941649563703,0.8881148420038544,0.20144140162393798,0.14030355880767875,0.10825073349245518,0.14206070353843425,0.9696969696969697,1.0,0.9846153846153847,0.030303030303030304,1.0,1.0,0.4684629516227802,0.634252846151132,0.5979459189999297,0.5462962962962964,0.7281930958398356,0.5307109349734768,0.7177100725087019,0.43036039658780406,0.8325260266049739,0.32926668971671014
latent_variable_determination,weak_outcome_relevance,2,ok,4.0,3.0,1.0,0.0,30.0,1.0,0.8343152623558717,0.9043258826698398,0.16568473764412828,0.8079209745044678,0.8181836574247767,0.8174719028152426,0.7917327083149437,0.11135369900148362,1.0029767803244525,0.8138799144577443,0.8986371098650259,0.9018097260321368,0.07029110764117097,0.24218796031131418,0.19078999869840485,0.1594698839256231,1.0,0.9375,0.967741935483871,0.0,0.0,0.9375,0.5696658097686376,0.6819663822481464,0.6727161299250737,0.7518518518518519,0.9024655636889624,0.8153672108732719,0.8605122604659932,0.4953212395505342,0.9088108791903858,0.5602807086108892
latent_variable_determination,weak_outcome_relevance,3,ok,4.0,4.0,0.0,1.0,27.0,1.0,0.8381482512496172,0.8997428544992868,0.16185174875038275,0.8308479295376542,0.8305163902124786,0.8426385553820295,0.8181759693018424,0.10996539299958386,0.8997542804716604,0.8794231308069443,0.9457126615334956,0.8740813451850468,0.14247992380610197,0.1548416830143854,0.16665914127476567,0.18342624690627796,1.0,0.84375,0.9152542372881356,0.0,0.0,0.84375,0.6206619859578736,0.7021311718403067,0.6122924555782114,0.7430555555555556,0.8765421825321179,0.7697941285841744,0.8285301909193382,0.27720512118519214,0.7767137096774194,0.5528001723323824
latent_variable_determination,weak_outcome_relevance,4,ok,4.0,4.0,0.0,1.0,30.0,1.0,0.8109834464116863,0.8769440482926281,0.18901655358831376,0.807442459311657,0.8064384323976844,0.818223509054068,0.7972707183669129,0.10977858700789511,0.8693933962717898,0.8655271692328705,0.8881152087484397,0.8847404189174124,0.16969648713857222,0.20083884615581138,0.18017996407734926,0.2053509169815222,1.0,0.9375,0.967741935483871,0.0,0.0,0.9375,0.9280742459396751,0.9517420318399953,0.8785830409857106,0.9375,0.9508163062853854,0.9049312911701096,0.9372260189034204,0.23485246172192814,0.7406444871405939,0.4384599257400028
latent_variable_determination,outcome_irrelevant_latent_block,0,ok,3.0,3.0,0.0,1.0,20.0,1.0,0.44049108849838986,0.6411168457758674,0.5595089115016101,0.5829647100917589,0.41951164066999114,0.4347772161033656,0.38422627446013163,0.13704481899912935,0.6318723426088356,0.5545880881573184,0.588102958501432,0.7899039938358833,0.5702865445472844,0.6900722081632719,0.6844327173382281,0.29324417595765606,1.0,0.8333333333333334,0.9090909090909091,0.0,0.0,0.8333333333333334,0.6698564593301436,0.7648681234195981,0.7201583124222208,0.7166666666666667,0.8186409238051523,0.6805014375894561,0.8300966199143899,0.28527584948715046,0.95,0.9211134981808513
latent_variable_determination,outcome_irrelevant_latent_block,1,ok,3.0,3.0,0.0,1.0,20.0,1.0,0.4474905181209267,0.6596038322461277,0.5525094818790732,0.5602596552616942,0.43662592626606245,0.4431643535219313,0.39613504979579733,0.13555451499996707,0.5746390197177739,0.5912982683608822,0.634565848124788,0.8379121927810669,0.6740600928953233,0.625859167369006,0.6513544034675118,0.25876426378445205,1.0,0.8333333333333334,0.9090909090909091,0.0,0.0,0.8333333333333334,0.44976076555023925,0.5474860583382751,0.6622600322337149,0.5575757575757576,0.7810240076870884,0.6293131453643456,0.719765544485152,0.2874462278061025,0.9333333333333333,0.8849241420962726
latent_variable_determination,outcome_irrelevant_latent_block,2,ok,3.0,3.0,0.0,1.0,24.0,1.0,0.4069403132660252,0.6200098245290471,0.5930596867339748,0.5419436188619009,0.41028384625509845,0.41713178785780614,0.3728810922467465,0.1355905890086433,0.587647897363324,0.5110435870041034,0.5412725152957771,0.840075298452984,0.6639193927178473,0.7370548834483848,0.7198100219763013,0.25145444879336587,1.0,1.0,1.0,0.0,0.0,1.0,1.0,1.0,1.0,1.0,0.9760010922104803,0.952578549510537,0.9976941452438215,0.22983549112854473,0.9151844532279314,0.8546491585722661
latent_variable_determination,outcome_irrelevant_latent_block,3,ok,3.0,3.0,0.0,1.0,24.0,1.0,0.4324502947742128,0.6488725244963333,0.5675497052257872,0.5044264523222566,0.42902036044077657,0.4388826022224124,0.3921090945565704,0.12599782401230186,0.5829555408755006,0.5689881308048197,0.5850513648489378,0.8584950614560748,0.6439020015182684,0.6573643344132898,0.6795653446842942,0.28936714028729627,1.0,1.0,1.0,0.0,0.0,1.0,1.0,1.0,1.0,1.0,0.9177537046348404,0.8429911395440923,0.9193763221775219,0.25977738389211363,0.9666666666666668,0.9318153931576745
latent_variable_determination,outcome_irrelevant_latent_block,4,ok,3.0,3.0,0.0,1.0,21.0,1.0,0.3883498798874137,0.6329248100662981,0.6116501201125862,0.5857799989545173,0.3843314437687744,0.3935909873521703,0.34691638818248993,0.12371654898743145,0.5837559689160193,0.5424843969713786,0.5621757386770004,0.8432831357007942,0.6605975349146873,0.7198690638040044,0.705196212395527,0.36093766933612637,1.0,0.875,0.9333333333333333,0.0,0.0,0.875,0.6904196357878069,0.7382463949784291,0.7690117722847376,0.8055555555555555,0.9322749646838161,0.8697572666166953,0.8851125829954906,0.24924004139913356,0.9079710144927537,0.8368819887760169
latent_variable_determination,correlated_latents,0,ok,4.0,4.0,0.0,1.0,24.0,1.0,0.3902924859305878,0.6169075603162258,0.6097075140694123,0.3747346818058673,0.3662740289396438,0.3819450093884644,0.3178686603011269,0.13026474400248844,0.7798364744536079,0.4816555106209166,0.7693232101332987,0.43681504605708005,0.4442134029278314,0.774848656515232,0.44221589198352107,0.7775521048510644,1.0,0.75,0.8571428571428571,0.0,0.0,0.75,0.34704112337011034,0.5337651413188624,0.39918098572412614,0.5008207070707071,0.5458050890561305,0.3546270176141307,0.6983806001099658,0.4260003460458931,0.7590619206525769,0.44309707350138217
latent_variable_determination,correlated_latents,1,ok,4.0,3.0,1.0,0.0,32.0,1.0,0.39024608550448253,0.5857669034352864,0.6097539144955175,0.38092623527770325,0.3844194489523533,0.38548971816855204,0.32924111330542327,0.12252498099405784,0.6803325335934666,0.4918585691140146,0.7064937857514607,0.46438272528220376,0.46973424233785266,0.7548856342827791,0.4561970976757673,0.7581986836856707,1.0,1.0,1.0,0.0,0.0,1.0,0.40937957987298484,0.5167712295937126,0.6310083411677635,0.5334757834757835,0.5356235630675418,0.36102586575623624,0.615902531619187,0.4845159614086984,0.924873949579832,0.38108193358192755
latent_variable_determination,correlated_latents,2,ok,4.0,4.0,0.0,1.0,29.0,1.0,0.37104720260884444,0.5966723951735879,0.6289527973911555,0.3603968466401894,0.35644401796773706,0.3688841346707701,0.308372773072113,0.12407534901285544,0.745321252448573,0.457883680879331,0.7028153760742776,0.4806692712921702,0.515312617655478,0.803349150644189,0.4339651353124153,0.76318428595254,1.0,0.90625,0.9508196721311475,0.0,0.0,0.90625,0.6259244842351109,0.7289643425377489,0.6762853192172856,0.7162247474747474,0.6303970400222538,0.4324993444711005,0.7941354336871094,0.3838538775889792,0.8959136550514634,0.5062851613905012
latent_variable_determination,correlated_latents,3,ok,4.0,4.0,0.0,1.0,30.0,1.0,0.3672353756836229,0.6072194315160795,0.6327646243163771,0.37022324078318936,0.3658218028797257,0.3751999844792818,0.3127520239339038,0.11927336899680085,0.6987101881687782,0.4840449034713853,0.7786115321968069,0.46751110222734754,0.4854379702879915,0.7766818197065792,0.4843516514028856,0.7845870558680519,1.0,0.9375,0.967741935483871,0.0,0.0,0.9375,0.8496605237633366,0.8887841114983154,0.8343896705228333,0.8854166666666666,0.6407017709051013,0.4460205597550364,0.9431473483126185,0.3885142826223493,0.7400843379368129,0.45500374472251737
latent_variable_determination,correlated_latents,4,ok,4.0,3.0,1.0,0.0,27.0,1.0,0.38692914294836206,0.6208218514016193,0.6130708570516379,0.34906860709148335,0.35072533146685936,0.348982707061724,0.29521441658601366,0.12209438499121461,0.7785122556722764,0.42591496050696864,0.7539646651275383,0.5248955242996939,0.43555760329183535,0.8093721533161107,0.45891650084183533,0.7484371707567703,1.0,0.84375,0.9152542372881356,0.0,0.0,0.84375,0.20454959053685168,0.32623941809713036,0.39238443397733735,0.4621212121212121,0.6117410121109345,0.42633451881175843,0.6611963582430588,0.4415098587457588,0.7620750569415753,0.39061703154324906
latent_variable_determination,unequal_group_sizes,0,ok,4.0,4.0,0.0,1.0,25.0,1.0,0.3238163664801731,0.5534330135623101,0.6761836335198268,0.3136176606412982,0.3138874151280956,0.32364220420449014,0.2650740670487697,0.15068484800576698,0.5771757028248796,0.5713264829646361,0.5326015325100644,0.5326283359496603,0.6752569717453605,0.6504509799769193,0.6887884914169349,0.6902380909400929,1.0,0.6097560975609756,0.7575757575757575,0.0,0.0,0.6097560975609756,0.47983045471583863,0.7240290627125328,0.3531968735331932,0.7666666666666666,0.9474472383812877,0.8985986433504849,0.8502502434627763,0.2630063540736123,0.759514687100894,0.6519985020179528
latent_variable_determination,unequal_group_sizes,1,ok,4.0,4.0,0.0,1.0,25.0,1.0,0.3240301031666166,0.5884758737784586,0.6759698968333834,0.31916652386450073,0.3187491279112188,0.3384062440972274,0.26027444997603594,0.15203098001074977,0.6180020072910659,0.5543171360791777,0.6340651754958373,0.5475191762477534,0.6227499121839328,0.6823679619943752,0.6885666238319688,0.7101950893232566,1.0,0.6097560975609756,0.7575757575757575,0.0,0.0,0.6097560975609756,0.47983045471583863,0.7240290627125328,0.3531968735331932,0.7666666666666666,0.9515484318617494,0.9064802921012459,0.8727658732470045,0.27925066590957415,0.5673472345531169,0.34066088013659646
latent_variable_determination,unequal_group_sizes,2,ok,4.0,4.0,0.0,1.0,25.0,1.0,0.31594038666932345,0.5504971489698606,0.6840596133306766,0.3081128290106467,0.308182622604517,0.31767404078557404,0.26289841142629244,0.16140394800459035,0.5751874549850676,0.5131898962131024,0.5595326355931602,0.5540786090881119,0.6455618805347412,0.6415520555727556,0.7345046414712855,0.714619875743924,1.0,0.6097560975609756,0.7575757575757575,0.0,0.0,0.6097560975609756,0.47983045471583863,0.7240290627125328,0.3531968735331932,0.7666666666666666,0.951293542494278,0.9059046126136331,0.8543149812023717,0.25973912380384956,0.6798607248794958,0.5267294792067012
latent_variable_determination,unequal_group_sizes,3,ok,4.0,4.0,0.0,1.0,26.0,1.0,0.2947662473153231,0.5446975992836876,0.705233752684677,0.2926226818359744,0.2921621394296368,0.29533011412460697,0.24873033722550747,0.19063718999677803,0.5510284067689788,0.5552910864596222,0.5149406450834014,0.5575302588227475,0.6884301521203204,0.6984199928168295,0.7160767122521557,0.7180081535494021,0.9615384615384616,0.6097560975609756,0.7462686567164178,0.038461538461538464,1.0,0.6097560975609756,0.47983045471583863,0.7240290627125328,0.34266693080869165,0.7041666666666666,0.9621997793253496,0.9261669748867665,0.8787403072820137,0.2690463002654317,0.5456914111906371,0.30420701419504603
latent_variable_determination,unequal_group_sizes,4,ok,4.0,4.0,0.0,1.0,37.0,1.0,0.3113663261548389,0.5411103944165274,0.688633673845161,0.3108607621347549,0.3097877906749049,0.3122034700608998,0.2586638215396099,0.17570331699971575,0.5921071835578547,0.518522382713153,0.5505743758743953,0.5032376355207067,0.6271510159558843,0.7055591187575581,0.6969330368671361,0.7248915238000657,0.918918918918919,0.8292682926829268,0.8717948717948718,0.08108108108108109,3.0,0.8292682926829268,0.6804505749830887,0.8315879575769921,0.5604793275106567,0.7375,0.936484800129947,0.8799901951561151,0.899473069504325,0.25378806316916036,0.7076673244139766,0.4623064648104186
latent_variable_determination,correlated_nuisance_features,0,ok,4.0,4.0,0.0,1.0,32.0,1.0,0.3050834340718515,0.535500380492242,0.6949165659281484,0.4713331256583739,0.30460845923950775,0.31287352929739676,0.2617595017015433,0.14293733499653172,0.5137894208666596,0.5473172615156503,0.531274741909034,0.549620097677624,0.6973517988478954,0.6755187359642942,0.7182469465091306,0.6885487823912737,1.0,1.0,1.0,0.0,0.0,1.0,0.9137771184869276,0.9305437585578182,0.9482113008124147,0.9409722222222222,0.8475335652143943,0.7275301818209283,0.8550603168406462,0.24885158352053466,0.9625,0.8148449947116061
latent_variable_determination,correlated_nuisance_features,1,ok,4.0,4.0,0.0,1.0,32.0,1.0,0.2765711562515837,0.5365754664176454,0.7234288437484163,0.448601211649851,0.2827163901254011,0.2848797809713911,0.24574975021960405,0.17098682399955578,0.5294575756239506,0.5250835498440165,0.5610964198084493,0.5306643203941652,0.7100436517885664,0.7133871209860754,0.7263286469078709,0.7439559553111526,1.0,1.0,1.0,0.0,0.0,1.0,1.0,1.0,1.0,1.0,0.9727429039436719,0.9462346332961564,0.9970961058413492,0.226735556036426,0.874375,0.7435276675163298
latent_variable_determination,correlated_nuisance_features,2,ok,4.0,4.0,0.0,1.0,32.0,1.0,0.29939556254098043,0.5412663406880871,0.7006044374590196,0.4596442256633396,0.3044170503566093,0.30622934556230486,0.26540544398308474,0.1611490950017469,0.568275303768225,0.5548500998448138,0.5250487333958566,0.5168912257434528,0.694131683312069,0.6954872782509296,0.7135653788102485,0.6992334094628312,1.0,1.0,1.0,0.0,0.0,1.0,1.0,1.0,1.0,1.0,0.9753371745378957,0.9512954724113276,0.9971101646045251,0.2264188304632825,0.9309475806451613,0.8361438567036327
latent_variable_determination,correlated_nuisance_features,3,ok,4.0,4.0,0.0,1.0,31.0,1.0,0.30371055579005857,0.5557669000590701,0.6962894442099414,0.495864221221673,0.3134575744699043,0.31076628277426577,0.25926611971864344,0.19434228099999018,0.5540371513469923,0.5525903311234636,0.5381350633590559,0.5783050544067687,0.7015356584818073,0.6978155741366373,0.6957822069013135,0.6900243373200077,1.0,0.96875,0.9841269841269841,0.0,0.0,0.96875,0.8761651131824234,0.9014303516513876,0.8870378277451711,0.9131944444444444,0.9645457745886803,0.9303924128505371,0.9717237070259804,0.2483699266496006,0.8547110215053764,0.6246679618131215
latent_variable_determination,correlated_nuisance_features,4,ok,4.0,4.0,0.0,1.0,32.0,1.0,0.30619263608014213,0.5453040991486152,0.6938073639198579,0.44728484478561886,0.30857583897810015,0.30885067984518416,0.2670754176663738,0.18452327499107923,0.5553454264168344,0.5244277994058074,0.5598360678402985,0.5416071029315205,0.6763986706967549,0.7100640835343311,0.6859316085687365,0.702835092879609,1.0,1.0,1.0,0.0,0.0,1.0,1.0,1.0,1.0,1.0,0.928041182340403,0.8623765655474819,0.9366686039607843,0.23253787740949722,0.9375,0.7612705648943633
latent_variable_determination,cross_loadings,0,ok,4.0,4.0,0.0,1.0,32.0,1.0,0.3120885427231835,0.5600306428033137,0.6879114572768165,0.30582182872818975,0.30570967725182874,0.3175643517333863,0.2690546976779626,0.14257217300473712,0.5578600953553224,0.5683085870588133,0.568612859584684,0.5453410292144351,0.7071921515574777,0.6559694982251256,0.6889006208963155,0.6995835584283472,1.0,1.0,1.0,0.0,0.0,1.0,0.8229224249124747,0.8594553793107826,0.8934289805144306,0.8875,0.8192562144646103,0.6761583527812918,0.8344944492110105,0.23640407670587904,0.9875,0.7557083040630038
latent_variable_determination,cross_loadings,1,ok,4.0,4.0,0.0,1.0,16.0,1.0,0.35684045788539376,0.6085863248124291,0.6431595421146062,0.30916780127987675,0.3084741947027749,0.3169046744006707,0.2721009768454784,0.1287257569929352,0.6086023859168052,0.6151317738377768,0.6247991868891588,0.5858119526059758,0.6740508795532114,0.5999014921352672,0.665398046974758,0.6332877497951883,1.0,0.5,0.6666666666666666,0.0,0.0,0.5,0.12027027027027028,0.40998173371136704,0.16028878017989584,0.41666666666666663,0.8915416583250231,0.7951282350593623,0.6253517176382131,0.34364492559522586,0.47200545830980617,0.34414633262318156
latent_variable_determination,cross_loadings,2,ok,4.0,4.0,0.0,1.0,31.0,1.0,0.29320218794691055,0.5630349850189633,0.7067978120530894,0.2911151666405519,0.29088788335065835,0.30436592993344636,0.25612437897028706,0.13318630499998108,0.6001877651348735,0.5030112524584609,0.5708422251885207,0.5780986972939984,0.6900433724677719,0.7108122209866943,0.7174375729936576,0.7088980817642341,1.0,0.96875,0.9841269841269841,0.0,0.0,0.96875,0.6308826308826309,0.7036194563134673,0.7443593309744971,0.7513888888888889,0.8573023990142222,0.7382702872806914,0.8357288100420448,0.24905415510197632,0.9551344086021505,0.6671670154853606
latent_variable_determination,cross_loadings,3,ok,4.0,4.0,0.0,1.0,28.0,1.0,0.3314724091650254,0.5748219028668694,0.6685275908349746,0.3173991029211072,0.3170877361176836,0.32418394337426787,0.2768006211044987,0.12541838000470307,0.5804162218688698,0.6092334060363017,0.5282878319352776,0.5813501516270282,0.66361883151588,0.6804688869010312,0.6653098052844102,0.6647128396385769,1.0,0.875,0.9333333333333333,0.0,0.0,0.875,0.6799046862589356,0.7496687004779173,0.6737120940371403,0.7388888888888889,0.8323948486532626,0.712202215373442,0.8089606505492428,0.27092112164644633,0.829220430107527,0.5681969142337759
latent_variable_determination,cross_loadings,4,ok,4.0,4.0,0.0,1.0,28.0,1.0,0.2948910000979631,0.5469997556431728,0.705108999902037,0.28384226622388153,0.28423899615230563,0.29413542345406835,0.24985813953032524,0.12645247799810022,0.5520241346009754,0.5346836093575298,0.5750962524701274,0.5261950261440589,0.7199664544904019,0.7072537157248036,0.6940423237149697,0.6991735056779727,1.0,0.875,0.9333333333333333,0.0,0.0,0.875,0.5766871165644172,0.6605474768638823,0.6190184429191995,0.7118055555555556,0.9311861870686402,0.8680656990500192,0.8646074436774571,0.24175283052405677,0.7883333333333333,0.5493538355408849
latent_variable_determination,high_dimensional,0,ok,4.0,4.0,0.0,1.0,77.0,1.0,0.2908416434015132,0.5247854384180471,0.7091583565984867,0.28075935285829007,0.2808265442050563,0.30631262507041557,0.2731218162323168,0.561661590996664,0.5694844134320773,0.5130052804807623,0.49585583591563803,0.520796223843711,0.7017344257448794,0.7162697356893994,0.7313515057315674,0.687277759228101,1.0,0.6416666666666667,0.7817258883248732,0.0,0.0,0.6416666666666667,0.3820330070223522,0.5650139140888166,0.48907604970856416,0.6161458333333333,0.9854486868665042,0.9711237446577313,0.8106875461150354,0.15642126285482025,0.5039526373418407,0.40913186182604033
latent_variable_determination,high_dimensional,1,ok,4.0,4.0,0.0,1.0,47.0,1.0,0.3118514584252616,0.554176713535033,0.6881485415747384,0.2809962880484449,0.28167876660834323,0.3048674508942828,0.26813177978646796,0.5759738560009282,0.6459628736339905,0.539199863609141,0.5472929719419237,0.48425114495507676,0.6321410705578572,0.6924726430682878,0.7452870089024968,0.6826934437703118,1.0,0.39166666666666666,0.562874251497006,0.0,0.0,0.39166666666666666,0.09320247334777078,0.32952757990803905,0.23850240169774242,0.30049019607843136,0.8442933566380167,0.7146424122742381,0.5388106786600224,0.23605218498397607,0.345558267075897,0.32874061428585843
latent_variable_determination,high_dimensional,2,ok,4.0,4.0,0.0,1.0,79.0,1.0,0.2792961939681662,0.5482252685558864,0.7207038060318338,0.27153244180653435,0.27313346738801425,0.29860787038965664,0.26058870685585134,0.6421769559965469,0.5412629786445458,0.5121743999622553,0.5556360991285295,0.5838275964882148,0.7313202277523481,0.7496420498390866,0.7137450515959787,0.6881078949399217,1.0,0.6583333333333333,0.7939698492462312,0.0,0.0,0.6583333333333333,0.4335039251557326,0.6208574046603494,0.5144409012164258,0.6583333333333332,0.9917920748787752,0.9836550601603994,0.8294044189821568,0.14434515338345505,0.5103005723857679,0.4187237193928737
latent_variable_determination,high_dimensional,3,ok,4.0,4.0,0.0,1.0,31.0,1.0,0.3064479617139945,0.5846209195938773,0.6935520382860054,0.26602768133633703,0.26633908015831015,0.30317986680447206,0.24897586367415897,0.7445052030088846,0.5300844056386477,0.6196386064178637,0.5972818464155624,0.5914788199034353,0.6903720462301426,0.6843021615957583,0.7214293717073426,0.6781045736107785,1.0,0.25833333333333336,0.41059602649006627,0.0,0.0,0.25833333333333336,0.02583007067676819,0.24534792655457904,0.13885344107313663,0.21875,0.9206655558343796,0.8495832811932269,0.47568987209547153,0.2596277816063794,0.23798708309447475,0.25325754481577867
latent_variable_determination,high_dimensional,4,ok,4.0,4.0,0.0,1.0,124.0,1.0,0.2878345454232053,0.5305230998944203,0.7121654545767948,0.28903381975885417,0.28764004725675774,0.31716684473926215,0.2752439688964654,0.5675291430088691,0.5308273035559224,0.4889737976839912,0.5600987835620368,0.5421925147757306,0.7108580466714989,0.7201782353414681,0.725198188107613,0.6924273481865988,0.967741935483871,1.0,0.9836065573770492,0.03225806451612903,4.0,1.0,1.0,1.0,0.9472079343065465,0.9705882352941176,0.8767534099736223,0.7763698768526093,0.880731640884909,0.13518239861213194,0.8749270833186508,0.7284524377925365
latent_variable_determination,heterogeneous_outcome_scales,0,ok,4.0,4.0,0.0,1.0,30.0,1.0,0.3057586690029596,0.5544993188361729,0.6942413309970403,0.30202514562091803,0.30211590612102895,0.3137766298376642,0.2623515842300385,0.1445434280030895,0.5538413475696824,0.5376578447262438,0.6013777818683055,0.5251203011804599,0.6933567360846113,0.7087060792408673,0.6700257886184617,0.7048767200442212,1.0,0.9375,0.967741935483871,0.0,0.0,0.9375,0.9280742459396751,0.9517420318399953,0.8785830409857106,0.9375,0.944795966729002,0.8934845511557964,0.9384229497243344,0.24504442845101518,0.8662627456433075,0.7161724374664599
latent_variable_determination,heterogeneous_outcome_scales,1,ok,4.0,4.0,0.0,1.0,31.0,1.0,0.3152440691931034,0.5718916278543013,0.6847559308068967,0.31476726452640447,0.31441571755537445,0.3234772883476152,0.27283420716885226,0.15492021299724001,0.5700668034836738,0.5613145316535231,0.6057550302546543,0.5504301460253539,0.7152673082028729,0.662841226436429,0.6822944124668762,0.6786207761214085,1.0,0.96875,0.9841269841269841,0.0,0.0,0.96875,0.9587217043941412,0.9671434505504625,0.93496117355025,0.96875,0.9680328191945256,0.9371168282377541,0.9704567798362154,0.23605752474065103,0.7544996755654431,0.44023141573873215
latent_variable_determination,heterogeneous_outcome_scales,2,ok,4.0,4.0,0.0,1.0,30.0,1.0,0.29260426235679726,0.5435704493855915,0.7073957376432027,0.28760048810568095,0.28799275865433865,0.29568954409592774,0.2474861274669511,0.16615745800663717,0.5623222639782606,0.5109895876842215,0.5420791545589035,0.5588907913209803,0.7073809849403162,0.7371104486004045,0.7189742853001022,0.6661172317319879,1.0,0.9375,0.967741935483871,0.0,0.0,0.9375,0.8496605237633366,0.888784111498315,0.8343896705228333,0.8854166666666666,0.9447965069706268,0.8936109401737321,0.9347904606275358,0.23845556910680196,0.8046336206896552,0.560485997560557
latent_variable_determination,heterogeneous_outcome_scales,3,ok,4.0,4.0,0.0,1.0,31.0,1.0,0.318563065203113,0.5630036006545579,0.6814369347968869,0.3177279469344603,0.31739807126896963,0.3272995332288599,0.2745046620271696,0.15120194900373463,0.5595510116629364,0.5593035394279259,0.581463538751906,0.5516963127754633,0.6787434155282448,0.6689288870337688,0.6834834234455335,0.694592013180001,1.0,0.96875,0.9841269841269841,0.0,0.0,0.96875,0.8761651131824234,0.9014303516513876,0.8870378277451711,0.9131944444444444,0.9653756687523759,0.9320041322416924,0.9716644868595352,0.2461401097728354,0.8047379032258064,0.5504995269762623
latent_variable_determination,heterogeneous_outcome_scales,4,ok,4.0,4.0,0.0,1.0,32.0,1.0,0.2843422948777451,0.5368981159953194,0.7156577051222549,0.2841975904621847,0.28351364877799534,0.29085166463962314,0.24697019349193014,0.28073288401355967,0.529881145537491,0.5308038229727368,0.5598931464279759,0.5270143490430739,0.7074804275087978,0.7318025440241233,0.7075853255434984,0.7157625234126003,1.0,1.0,1.0,0.0,0.0,1.0,1.0,1.0,1.0,1.0,0.9753997345921082,0.9514085499322115,0.9979297439403474,0.2230253233343278,0.7984879032258065,0.5569118936299285
latent_variable_determination,missing_data,0,ok,4.0,4.0,0.0,1.0,31.0,1.0,0.3186808577865291,0.5537929279207247,0.6813191422134708,0.31612820379589357,0.31558400487538424,0.3235863736180573,0.2622655760747375,0.16288465600518975,0.5436488221082696,0.5439465777814003,0.5835993325023388,0.5439769792908901,0.6881788366557264,0.6698272522971807,0.6948035536423145,0.672466926258662,1.0,0.96875,0.9841269841269841,0.0,0.0,0.96875,0.9587217043941412,0.9671434505504625,0.93496117355025,0.96875,0.8700081328420904,0.7584757031641253,0.882872567349962,0.2832804645432308,0.9311491935483872,0.724683566968715
latent_variable_determination,missing_data,1,ok,4.0,4.0,0.0,1.0,28.0,1.0,0.35205632504730455,0.596678006910197,0.6479436749526954,0.33312203731776674,0.3330445892593973,0.3443678103508117,0.2811939794950615,0.1616523860138841,0.6107249628227002,0.5890728317770001,0.6565150339377523,0.5303991991033356,0.6272865129406222,0.6605049394566596,0.6409806135757479,0.6630026338377522,1.0,0.875,0.9333333333333333,0.0,0.0,0.875,0.7239263803680982,0.7752519179358015,0.6971685059101329,0.7777777777777778,0.8264526458499284,0.7030715754471275,0.8264881465470476,0.3103252145142272,0.8247916666666667,0.6192166883235396
latent_variable_determination,missing_data,2,ok,4.0,4.0,0.0,1.0,28.0,1.0,0.3142305380291082,0.5580111511246586,0.6857694619708918,0.3037867175272585,0.30401910091280776,0.31264912817898205,0.2507244372783415,0.16001966399198864,0.5719648773077369,0.5416554819308707,0.5610006672940002,0.5574235779660268,0.6659192524744999,0.7050243268228057,0.7016581526164951,0.6704761159697663,1.0,0.875,0.9333333333333333,0.0,0.0,0.875,0.660290894600518,0.7509411074117711,0.6632381505367425,0.775,0.9270345475553762,0.859844904034583,0.8867277558487484,0.29333885902337253,0.8085416666666667,0.5965035958855068
latent_variable_determination,missing_data,3,ok,4.0,4.0,0.0,1.0,30.0,1.0,0.31410181868023995,0.5574846552470542,0.68589818131976,0.31325730949757313,0.313345808487207,0.32793342499247424,0.25113565024752416,0.18294811599480454,0.5795815491504792,0.5629822605221203,0.5482383499877654,0.5391364613278515,0.6694877115818197,0.6556612429571369,0.7246589213805106,0.6937848493595731,1.0,0.9375,0.967741935483871,0.0,0.0,0.9375,0.9280742459396751,0.9517420318399953,0.8785830409857106,0.9375,0.9309240232112775,0.8675863634899446,0.9439271141560408,0.29426941687099895,0.8430309139784946,0.6356061386910736
latent_variable_determination,missing_data,4,ok,4.0,4.0,0.0,1.0,32.0,1.0,0.32508627969654025,0.5746065858532239,0.6749137203034598,0.3256404320853231,0.32602406226885927,0.3409549837470184,0.2652048195500504,0.14569201100675855,0.5506792457102466,0.5844622889106444,0.5820764577436696,0.5812083510483348,0.6915278807998815,0.6667866649271356,0.6710640278452797,0.6702763076415423,1.0,1.0,1.0,0.0,0.0,1.0,1.0,1.0,1.0,1.0,0.9623192095447205,0.9260634634176772,0.9975080265572417,0.2747472493657298,0.7522647849462365,0.49326673575323443
latent_variable_determination,complete_null,0,ok,0.0,0.0,0.0,1.0,0.0,0.0,1.0,1.0234492745626518,0.0,1.0004152394943309,1.0082360987917196,1.0,1.0,0.1792550310055958,1.0664256701981922,0.981909653139383,1.077259263977781,0.9682025109352512,0.0,0.0,0.0,0.0,1.0,1.0,1.0,0.0,0.0,1.0,,,1.0,,,,,,1.0,1.0
latent_variable_determination,complete_null,1,ok,0.0,0.0,0.0,1.0,0.0,0.0,1.0,0.9858880681467586,0.0,1.0014666669412773,1.0058103870958037,1.0,1.0,0.12978365398885217,1.000481477986619,0.9456433489938711,1.002915496361281,0.9945119492452632,0.0,0.0,0.0,0.0,1.0,1.0,1.0,0.0,0.0,1.0,,,1.0,,,,,,1.0,1.0
latent_variable_determination,complete_null,2,ok,0.0,0.0,0.0,1.0,0.0,0.0,1.0,0.9924678412913108,0.0,0.99941124621722,1.0119346707144579,1.0,1.0,0.16211006700177677,1.0563048826308734,0.9344561434835402,0.9725463156982034,1.0065640233526263,0.0,0.0,0.0,0.0,1.0,1.0,1.0,0.0,0.0,1.0,,,1.0,,,,,,1.0,1.0
latent_variable_determination,complete_null,3,ok,0.0,0.0,0.0,1.0,0.0,0.0,1.0,0.9814235215554743,0.0,1.0013982453641874,1.00242545544477,1.0,1.0,0.2099475050054025,0.9621423088902565,0.9545735016529325,1.0274114201060167,0.9815668555726919,0.0,0.0,0.0,0.0,1.0,1.0,1.0,0.0,0.0,1.0,,,1.0,,,,,,1.0,1.0
latent_variable_determination,complete_null,4,ok,0.0,0.0,0.0,1.0,0.0,0.0,1.0,0.969080310443824,0.0,1.0011254559354072,1.0132506071551861,1.0,1.0,0.1572039489983581,0.9566892297363658,0.930025882443662,0.9897341828819242,0.9998719467133445,0.0,0.0,0.0,0.0,1.0,1.0,1.0,0.0,0.0,1.0,,,1.0,,,,,,1.0,1.0
